MSSV,Họ và tên,Thứ,Buổi,Môn học,Lớp/Nhóm,Giảng viên,Phòng học,Cơ sở,Bắt đầu,Kết thúc,Link Online
"123000555","Nguyễn Lê Vũ Duy","Thứ 2","Sáng","Thiết kế hệ thống AI","[23TD111]","Huỳnh Tuấn Tú","C503_PM12","Cơ sở I","07:30:00 5/10/2026","11:25:00 5/10/2026",""
"123000555","Nguyễn Lê Vũ Duy","Thứ 2","Chiều","Kỹ thuật lập trình PLC","[25TD111]","Trần Văn Thành","C301_PM04","Cơ sở I","12:50:00 5/10/2026","16:45:00 5/10/2026",""
"123000555","Nguyễn Lê Vũ Duy","Thứ 3","Sáng","Kaizen - TPM","[23TD111]","Nguyễn Công Trứ","G306","Cơ sở V","07:30:00 6/10/2026","11:25:00 6/10/2026",""
"123000555","Nguyễn Lê Vũ Duy","Thứ 4","Sáng","Dữ liệu và phân tích dữ liệu","[23TD111]","Trần Văn Thành","C203_PM02","Cơ sở I","07:30:00 7/10/2026","11:25:00 7/10/2026",""
"123000555","Nguyễn Lê Vũ Duy","Thứ 5","Tối","Kỹ năng viết CV (curriculum vitae) điện tử và trả ","23CVCD4","Lê Hoàng Anh","Học Online","Online","17:30:00 8/10/2026","20:40:00 8/10/2026",""
"123000555","Nguyễn Lê Vũ Duy","Thứ 6","Sáng","Đồ án công nghệ","[23TD111]","Nguyễn Văn Trung","Học Online","Online","07:30:00 9/10/2026","11:25:00 9/10/2026",""
"123000555","Nguyễn Lê Vũ Duy","Thứ 7","Sáng","Kỹ thuật lập dự án","[23TD111]","Nguyễn Minh Thiện","G306","Cơ sở V","07:30:00 10/10/2026","11:25:00 10/10/2026",""
"123000555","Nguyễn Lê Vũ Duy","Thứ 7","Sáng","Sinh hoạt lớp","23TD111","Ngô Kim Long","G306","Cơ sở V","11:25:00 10/10/2026","12:10:00 10/10/2026",""
"123000555","Nguyễn Lê Vũ Duy","Thứ 2","Sáng","Thiết kế hệ thống AI","[23TD111]","Huỳnh Tuấn Tú","C503_PM12","Cơ sở I","07:30:00 12/10/2026","11:25:00 12/10/2026",""
"123000555","Nguyễn Lê Vũ Duy","Thứ 2","Chiều","Kỹ thuật lập trình PLC","[25TD111]","Trần Văn Thành","C301_PM04","Cơ sở I","12:50:00 12/10/2026","16:45:00 12/10/2026",""
"123000555","Nguyễn Lê Vũ Duy","Thứ 4","Sáng","Dữ liệu và phân tích dữ liệu","[23TD111]","Trần Văn Thành","C203_PM02","Cơ sở I","07:30:00 14/10/2026","11:25:00 14/10/2026",""
"123000555","Nguyễn Lê Vũ Duy","Thứ 5","Tối","Kỹ năng viết CV (curriculum vitae) điện tử và trả ","23CVCD4","Lê Hoàng Anh","Học Online","Online","17:30:00 15/10/2026","20:40:00 15/10/2026",""
"123000555","Nguyễn Lê Vũ Duy","Thứ 2","Sáng","Thiết kế hệ thống AI","[23TD111]","Huỳnh Tuấn Tú","C503_PM12","Cơ sở I","07:30:00 19/10/2026","11:25:00 19/10/2026",""
"123000555","Nguyễn Lê Vũ Duy","Thứ 2","Chiều","Kỹ thuật lập trình PLC","[25TD111]","Trần Văn Thành","C301_PM04","Cơ sở I","12:50:00 19/10/2026","16:45:00 19/10/2026",""
"123000555","Nguyễn Lê Vũ Duy","Thứ 4","Sáng","Dữ liệu và phân tích dữ liệu","[23TD111]","Trần Văn Thành","C203_PM02","Cơ sở I","07:30:00 21/10/2026","11:25:00 21/10/2026",""
"123000555","Nguyễn Lê Vũ Duy","Thứ 5","Tối","Kỹ năng viết CV (curriculum vitae) điện tử và trả ","23CVCD4","Lê Hoàng Anh","Học Online","Online","17:30:00 22/10/2026","20:40:00 22/10/2026",""
"123000555","Nguyễn Lê Vũ Duy","Thứ 2","Chiều","Kỹ thuật lập trình PLC","[25TD111]","Trần Văn Thành","C301_PM04","Cơ sở I","12:50:00 26/10/2026","16:45:00 26/10/2026",""
"123000555","Nguyễn Lê Vũ Duy","Thứ 2","Chiều","Kỹ thuật lập trình PLC","[25TD111]","Trần Văn Thành","C301_PM04","Cơ sở I","12:50:00 2/11/2026","16:45:00 2/11/2026",""
"123000555","Nguyễn Lê Vũ Duy","Thứ 2","Chiều","Kỹ thuật lập trình PLC","[25TD111]","Trần Văn Thành","C301_PM04","Cơ sở I","12:50:00 9/11/2026","16:45:00 9/11/2026",""
"123000555","Nguyễn Lê Vũ Duy","Thứ 2","Chiều","Kỹ thuật lập trình PLC","[25TD111]","Trần Văn Thành","C301_PM04","Cơ sở I","12:50:00 16/11/2026","16:45:00 16/11/2026",""
"123000555","Nguyễn Lê Vũ Duy","Thứ 2","Chiều","Kỹ thuật lập trình PLC","[25TD111]","Trần Văn Thành","C301_PM04","Cơ sở I","12:50:00 23/11/2026","16:45:00 23/11/2026",""
"123000078","Trần Hải Nam","Thứ 2","Sáng","Thiết kế hệ thống AI","[23TD111]","Huỳnh Tuấn Tú","C503_PM12","Cơ sở I","07:30:00 5/10/2026","11:25:00 5/10/2026",""
"123000078","Trần Hải Nam","Thứ 3","Sáng","Kaizen - TPM","[23TD111]","Nguyễn Công Trứ","G306","Cơ sở V","07:30:00 6/10/2026","11:25:00 6/10/2026",""
"123000078","Trần Hải Nam","Thứ 4","Sáng","Dữ liệu và phân tích dữ liệu","[23TD111]","Trần Văn Thành","C203_PM02","Cơ sở I","07:30:00 7/10/2026","11:25:00 7/10/2026",""
"123000078","Trần Hải Nam","Thứ 5","Tối","Kỹ năng viết CV (curriculum vitae) điện tử và trả ","23CVCD4","Lê Hoàng Anh","Học Online","Online","17:30:00 8/10/2026","20:40:00 8/10/2026",""
"123000078","Trần Hải Nam","Thứ 6","Sáng","Đồ án công nghệ","[23TD111]","Nguyễn Văn Trung","Học Online","Online","07:30:00 9/10/2026","11:25:00 9/10/2026",""
"123000078","Trần Hải Nam","Thứ 7","Sáng","Kỹ thuật lập dự án","[23TD111]","Nguyễn Minh Thiện","G306","Cơ sở V","07:30:00 10/10/2026","11:25:00 10/10/2026",""
"123000078","Trần Hải Nam","Thứ 7","Sáng","Sinh hoạt lớp","23TD111","Ngô Kim Long","G306","Cơ sở V","11:25:00 10/10/2026","12:10:00 10/10/2026",""
"123000078","Trần Hải Nam","Thứ 2","Sáng","Thiết kế hệ thống AI","[23TD111]","Huỳnh Tuấn Tú","C503_PM12","Cơ sở I","07:30:00 12/10/2026","11:25:00 12/10/2026",""
"123000078","Trần Hải Nam","Thứ 4","Sáng","Dữ liệu và phân tích dữ liệu","[23TD111]","Trần Văn Thành","C203_PM02","Cơ sở I","07:30:00 14/10/2026","11:25:00 14/10/2026",""
"123000078","Trần Hải Nam","Thứ 5","Tối","Kỹ năng viết CV (curriculum vitae) điện tử và trả ","23CVCD4","Lê Hoàng Anh","Học Online","Online","17:30:00 15/10/2026","20:40:00 15/10/2026",""
"123000078","Trần Hải Nam","Thứ 2","Sáng","Thiết kế hệ thống AI","[23TD111]","Huỳnh Tuấn Tú","C503_PM12","Cơ sở I","07:30:00 19/10/2026","11:25:00 19/10/2026",""
"123000078","Trần Hải Nam","Thứ 4","Sáng","Dữ liệu và phân tích dữ liệu","[23TD111]","Trần Văn Thành","C203_PM02","Cơ sở I","07:30:00 21/10/2026","11:25:00 21/10/2026",""
"123000078","Trần Hải Nam","Thứ 5","Tối","Kỹ năng viết CV (curriculum vitae) điện tử và trả ","23CVCD4","Lê Hoàng Anh","Học Online","Online","17:30:00 22/10/2026","20:40:00 22/10/2026",""
"125001579","Nguyễn Thiện Nhân","Thứ 2","Chiều","An toàn","25AT10","Ninh Thị Thúy","I309_3S5S","Cơ sở VI","12:50:00 5/10/2026","16:00:00 5/10/2026",""
"125001579","Nguyễn Thiện Nhân","Thứ 3","Sáng","Thực tập Kỹ thuật Hàn","[25CK111]_NHÓM 2","Nguyễn Thiện Tài","I311_CKTQ","Cơ sở VI","07:30:00 6/10/2026","11:25:00 6/10/2026",""
"125001579","Nguyễn Thiện Nhân","Thứ 3","Chiều","Cơ kỹ thuật","[25CK111]","Nguyễn Ngọc Minh","G505","Cơ sở V","12:50:00 6/10/2026","16:00:00 6/10/2026",""
"125001579","Nguyễn Thiện Nhân","Thứ 4","Sáng","Ngoại ngữ 3","[25CK111]","Phạm Hồng Thái","Học Online","Online","07:30:00 7/10/2026","10:40:00 7/10/2026",""
"125001579","Nguyễn Thiện Nhân","Thứ 4","Sáng","Ngoại ngữ 3","[25CK111]","Phạm Hồng Thái","Học Online","Online","10:40:00 7/10/2026","11:25:00 7/10/2026",""
"125001579","Nguyễn Thiện Nhân","Thứ 4","Chiều","Công nghệ Khí nén - Thủy lực","[25CK111]-NHÓM 2","Nguyễn Thiện Tài","G507","Cơ sở V","12:50:00 7/10/2026","16:45:00 7/10/2026",""
"125001579","Nguyễn Thiện Nhân","Thứ 5","Sáng","Thực tập Kỹ thuật Hàn","[25CK111]_NHÓM 2","Nguyễn Thiện Tài","I311_CKTQ","Cơ sở VI","07:30:00 8/10/2026","11:25:00 8/10/2026",""
"125001579","Nguyễn Thiện Nhân","Thứ 6","Sáng","Nguyên lý - Chi tiết máy","[25CK111]","Văn Hữu Thịnh","G506","Cơ sở V","07:30:00 9/10/2026","10:40:00 9/10/2026",""
"125001579","Nguyễn Thiện Nhân","Thứ 6","Chiều","Công nghệ Khí nén - Thủy lực","[25CK111]-NHÓM 2","Nguyễn Thiện Tài","I501_ATLab","Cơ sở VI","12:50:00 9/10/2026","16:00:00 9/10/2026",""
"125001579","Nguyễn Thiện Nhân","Thứ 6","Chiều","Công nghệ Khí nén - Thủy lực","[25CK111]-NHÓM 2","Nguyễn Thiện Tài","I501_ATLab","Cơ sở VI","16:00:00 9/10/2026","16:45:00 9/10/2026",""
"125001579","Nguyễn Thiện Nhân","Thứ 7","Chiều","Công nghệ kim loại","[25CK111]","Phạm Quốc Cường","G403","Cơ sở V","12:50:00 10/10/2026","16:45:00 10/10/2026",""
"125001579","Nguyễn Thiện Nhân","Thứ 2","Chiều","An toàn","25AT10","Ninh Thị Thúy","I309_3S5S","Cơ sở VI","12:50:00 12/10/2026","16:00:00 12/10/2026",""
"125001579","Nguyễn Thiện Nhân","Thứ 4","Sáng","Ngoại ngữ 3","[25CK111]","Phạm Hồng Thái","G306","Cơ sở V","07:30:00 14/10/2026","10:40:00 14/10/2026",""
"125001579","Nguyễn Thiện Nhân","Thứ 6","Sáng","Nguyên lý - Chi tiết máy","[25CK111]","Văn Hữu Thịnh","G506","Cơ sở V","07:30:00 16/10/2026","10:40:00 16/10/2026",""
"125001579","Nguyễn Thiện Nhân","Thứ 7","Sáng","Thực tập Kỹ thuật Đo lường - Cảm biến","[25CK111]_NHÓM 2","Ngô Văn Bình","I307_DLCB","Cơ sở VI","07:30:00 17/10/2026","11:25:00 17/10/2026",""
"125001579","Nguyễn Thiện Nhân","Thứ 7","Chiều","Công nghệ kim loại","[25CK111]","Phạm Quốc Cường","G403","Cơ sở V","12:50:00 17/10/2026","16:45:00 17/10/2026",""
"125001579","Nguyễn Thiện Nhân","Thứ 3","Chiều","Cơ kỹ thuật","[25CK111]","Nguyễn Ngọc Minh","G505","Cơ sở V","12:50:00 20/10/2026","16:00:00 20/10/2026",""
"125001579","Nguyễn Thiện Nhân","Thứ 4","Sáng","Ngoại ngữ 3","[25CK111]","Phạm Hồng Thái","G306","Cơ sở V","07:30:00 21/10/2026","10:40:00 21/10/2026",""
"125001579","Nguyễn Thiện Nhân","Thứ 4","Sáng","Sinh hoạt lớp","25CK111","La Khải Khải","G306","Cơ sở V","10:40:00 21/10/2026","11:25:00 21/10/2026",""
"125001579","Nguyễn Thiện Nhân","Thứ 6","Sáng","Nguyên lý - Chi tiết máy","[25CK111]","Văn Hữu Thịnh","G506","Cơ sở V","07:30:00 23/10/2026","10:40:00 23/10/2026",""
"125001579","Nguyễn Thiện Nhân","Thứ 7","Sáng","Thực tập Kỹ thuật Đo lường - Cảm biến","[25CK111]_NHÓM 2","Ngô Văn Bình","I307_DLCB","Cơ sở VI","07:30:00 24/10/2026","11:25:00 24/10/2026",""
"125001579","Nguyễn Thiện Nhân","Thứ 7","Chiều","Công nghệ kim loại","[25CK111]","Phạm Quốc Cường","G403","Cơ sở V","12:50:00 24/10/2026","16:45:00 24/10/2026",""
"125001579","Nguyễn Thiện Nhân","Thứ 3","Chiều","Cơ kỹ thuật","[25CK111]","Nguyễn Ngọc Minh","G505","Cơ sở V","12:50:00 27/10/2026","16:00:00 27/10/2026",""
"125001579","Nguyễn Thiện Nhân","Thứ 4","Chiều","Công nghệ Khí nén - Thủy lực","[25CK111]-NHÓM 2","Nguyễn Thiện Tài","G503","Cơ sở V","12:50:00 28/10/2026","16:00:00 28/10/2026",""
"125001579","Nguyễn Thiện Nhân","Thứ 5","Sáng","Thực tập Kỹ thuật Hàn","[25CK111]_NHÓM 2","Nguyễn Thiện Tài","I311_CKTQ","Cơ sở VI","07:30:00 29/10/2026","11:25:00 29/10/2026",""
"125001579","Nguyễn Thiện Nhân","Thứ 6","Sáng","Nguyên lý - Chi tiết máy","[25CK111]","Văn Hữu Thịnh","G506","Cơ sở V","07:30:00 30/10/2026","10:40:00 30/10/2026",""
"125001579","Nguyễn Thiện Nhân","Thứ 7","Sáng","Thực tập Kỹ thuật Đo lường - Cảm biến","[25CK111]_NHÓM 2","Ngô Văn Bình","I307_DLCB","Cơ sở VI","07:30:00 31/10/2026","11:25:00 31/10/2026",""
"125001579","Nguyễn Thiện Nhân","Thứ 7","Chiều","Công nghệ kim loại","[25CK111]","Phạm Quốc Cường","G403","Cơ sở V","12:50:00 31/10/2026","16:45:00 31/10/2026",""
"125001579","Nguyễn Thiện Nhân","Thứ 3","Chiều","Cơ kỹ thuật","[25CK111]","Nguyễn Ngọc Minh","Học Online","Online","12:50:00 3/11/2026","16:00:00 3/11/2026",""
"125001579","Nguyễn Thiện Nhân","Thứ 6","Sáng","Nguyên lý - Chi tiết máy","[25CK111]","Văn Hữu Thịnh","G506","Cơ sở V","07:30:00 6/11/2026","10:40:00 6/11/2026",""
"125001579","Nguyễn Thiện Nhân","Thứ 7","Sáng","Thực tập Kỹ thuật Đo lường - Cảm biến","[25CK111]_NHÓM 2","Ngô Văn Bình","I307_DLCB","Cơ sở VI","07:30:00 7/11/2026","11:25:00 7/11/2026",""
"125001579","Nguyễn Thiện Nhân","Thứ 7","Chiều","Công nghệ kim loại","[25CK111]","Phạm Quốc Cường","G403","Cơ sở V","12:50:00 7/11/2026","16:45:00 7/11/2026",""
"125001579","Nguyễn Thiện Nhân","Thứ 5","Sáng","Thực tập Kỹ thuật Hàn","[25CK111]_NHÓM 2","Nguyễn Thiện Tài","I311_CKTQ","Cơ sở VI","07:30:00 12/11/2026","11:25:00 12/11/2026",""
"125001579","Nguyễn Thiện Nhân","Thứ 6","Sáng","Nguyên lý - Chi tiết máy","[25CK111]","Văn Hữu Thịnh","G506","Cơ sở V","07:30:00 13/11/2026","10:40:00 13/11/2026",""
"125001579","Nguyễn Thiện Nhân","Thứ 7","Sáng","Thực tập Kỹ thuật Đo lường - Cảm biến","[25CK111]_NHÓM 2","Ngô Văn Bình","I307_DLCB","Cơ sở VI","07:30:00 14/11/2026","11:25:00 14/11/2026",""
"125001579","Nguyễn Thiện Nhân","Thứ 7","Chiều","Công nghệ kim loại","[25CK111]","Phạm Quốc Cường","G403","Cơ sở V","12:50:00 14/11/2026","16:45:00 14/11/2026",""
"125001579","Nguyễn Thiện Nhân","Thứ 5","Sáng","Thực tập Kỹ thuật Đo lường - Cảm biến","[25CK111]_NHÓM 2","Ngô Văn Bình","I307_DLCB","Cơ sở VI","07:30:00 19/11/2026","11:25:00 19/11/2026",""
"125001579","Nguyễn Thiện Nhân","Thứ 6","Sáng","Nguyên lý - Chi tiết máy","[25CK111]","Văn Hữu Thịnh","G506","Cơ sở V","07:30:00 20/11/2026","10:40:00 20/11/2026",""
"125001579","Nguyễn Thiện Nhân","Thứ 7","Sáng","Thực tập Kỹ thuật Đo lường - Cảm biến","[25CK111]_NHÓM 2","Ngô Văn Bình","I307_DLCB","Cơ sở VI","07:30:00 21/11/2026","11:25:00 21/11/2026",""
"125001579","Nguyễn Thiện Nhân","Thứ 5","Sáng","Thực tập Kỹ thuật Đo lường - Cảm biến","[25CK111]_NHÓM 2","Ngô Văn Bình","I307_DLCB","Cơ sở VI","07:30:00 26/11/2026","11:25:00 26/11/2026",""
"125001579","Nguyễn Thiện Nhân","Thứ 7","Sáng","Thực tập Kỹ thuật Đo lường - Cảm biến","[25CK111]_NHÓM 2","Ngô Văn Bình","I307_DLCB","Cơ sở VI","07:30:00 28/11/2026","11:25:00 28/11/2026",""
"124000534","Nguyễn Ngọc Bình An","Thứ 2","Sáng","Thực tập Vi điều khiển","[24CD111][24JC111]_NHÓM 1","Ngô Kim Long","I507_VDK","Cơ sở VI","07:30:00 5/10/2026","11:25:00 5/10/2026",""
"124000534","Nguyễn Ngọc Bình An","Thứ 2","Chiều","English 5","[24CD111]_NHÓM 1","Võ Thị Thanh Lan","Học Online","Online","12:50:00 5/10/2026","16:00:00 5/10/2026",""
"124000534","Nguyễn Ngọc Bình An","Thứ 2","Chiều","Sinh hoạt lớp","24CD111","Nguyễn Thiện Tài","D502","Cơ sở II","16:00:00 5/10/2026","16:45:00 5/10/2026",""
"124000534","Nguyễn Ngọc Bình An","Thứ 4","Sáng","Vi điều khiển","[24CD111][24JC111]","Ngô Kim Long","C301_PM04","Cơ sở I","07:30:00 7/10/2026","11:25:00 7/10/2026",""
"124000534","Nguyễn Ngọc Bình An","Thứ 5","Sáng","Kỹ thuật lập trình PLC","[24CD111][24JC111]-NHÓM 1","Nguyễn Hữu Hưng","C503_PM12","Cơ sở I","07:30:00 8/10/2026","11:25:00 8/10/2026",""
"124000534","Nguyễn Ngọc Bình An","Thứ 6","Sáng","Robot công nghiệp ","[24CD111][24JC111]","Huỳnh Tuấn Tú","G405","Cơ sở V","07:30:00 9/10/2026","11:25:00 9/10/2026",""
"124000534","Nguyễn Ngọc Bình An","Thứ 2","Sáng","Thực tập Vi điều khiển","[24CD111][24JC111]_NHÓM 1","Ngô Kim Long","I507_VDK","Cơ sở VI","07:30:00 12/10/2026","11:25:00 12/10/2026",""
"124000534","Nguyễn Ngọc Bình An","Thứ 2","Chiều","English 5","[24CD111]_NHÓM 1","Võ Thị Thanh Lan","D502","Cơ sở II","12:50:00 12/10/2026","16:00:00 12/10/2026",""
"124000534","Nguyễn Ngọc Bình An","Thứ 4","Sáng","Vi điều khiển","[24CD111][24JC111]","Ngô Kim Long","C301_PM04","Cơ sở I","07:30:00 14/10/2026","11:25:00 14/10/2026",""
"124000534","Nguyễn Ngọc Bình An","Thứ 5","Sáng","Kỹ thuật lập trình PLC","[24CD111][24JC111]-NHÓM 1","Nguyễn Hữu Hưng","C503_PM12","Cơ sở I","07:30:00 15/10/2026","11:25:00 15/10/2026",""
"124000534","Nguyễn Ngọc Bình An","Thứ 2","Sáng","Thực tập Vi điều khiển","[24CD111][24JC111]_NHÓM 1","Ngô Kim Long","I507_VDK","Cơ sở VI","07:30:00 19/10/2026","11:25:00 19/10/2026",""
"124000534","Nguyễn Ngọc Bình An","Thứ 2","Chiều","English 5","[24CD111]_NHÓM 1","Võ Thị Thanh Lan","D502","Cơ sở II","12:50:00 19/10/2026","16:00:00 19/10/2026",""
"124000534","Nguyễn Ngọc Bình An","Thứ 4","Sáng","Vi điều khiển","[24CD111][24JC111]","Ngô Kim Long","C301_PM04","Cơ sở I","07:30:00 21/10/2026","11:25:00 21/10/2026",""
"124000534","Nguyễn Ngọc Bình An","Thứ 5","Sáng","Kỹ thuật lập trình PLC","[24CD111][24JC111]-NHÓM 1","Nguyễn Hữu Hưng","C503_PM12","Cơ sở I","07:30:00 22/10/2026","11:25:00 22/10/2026",""
"124000534","Nguyễn Ngọc Bình An","Thứ 2","Sáng","Thực tập Vi điều khiển","[24CD111][24JC111]_NHÓM 1","Ngô Kim Long","I507_VDK","Cơ sở VI","07:30:00 26/10/2026","11:25:00 26/10/2026",""
"124000534","Nguyễn Ngọc Bình An","Thứ 2","Chiều","English 5","[24CD111]_NHÓM 1","Võ Thị Thanh Lan","D502","Cơ sở II","12:50:00 26/10/2026","16:00:00 26/10/2026",""
"124000534","Nguyễn Ngọc Bình An","Thứ 4","Sáng","Vi điều khiển","[24CD111][24JC111]","Ngô Kim Long","C301_PM04","Cơ sở I","07:30:00 28/10/2026","11:25:00 28/10/2026",""
"124000534","Nguyễn Ngọc Bình An","Thứ 2","Sáng","Thực tập Vi điều khiển","[24CD111][24JC111]_NHÓM 1","Ngô Kim Long","I507_VDK","Cơ sở VI","07:30:00 2/11/2026","11:25:00 2/11/2026",""
"124000534","Nguyễn Ngọc Bình An","Thứ 2","Chiều","English 5","[24CD111]_NHÓM 1","Võ Thị Thanh Lan","D502","Cơ sở II","12:50:00 2/11/2026","16:00:00 2/11/2026",""
"124000534","Nguyễn Ngọc Bình An","Thứ 2","Chiều","Sinh hoạt lớp","24CD111","Nguyễn Thiện Tài","D502","Cơ sở II","16:00:00 2/11/2026","16:45:00 2/11/2026",""
"124000534","Nguyễn Ngọc Bình An","Thứ 4","Sáng","Vi điều khiển","[24CD111][24JC111]","Ngô Kim Long","C301_PM04","Cơ sở I","07:30:00 4/11/2026","11:25:00 4/11/2026",""
"124000534","Nguyễn Ngọc Bình An","Thứ 2","Sáng","Thực tập Vi điều khiển","[24CD111][24JC111]_NHÓM 1","Ngô Kim Long","I507_VDK","Cơ sở VI","07:30:00 9/11/2026","11:25:00 9/11/2026",""
"124000534","Nguyễn Ngọc Bình An","Thứ 2","Chiều","English 5","[24CD111]_NHÓM 1","Võ Thị Thanh Lan","D502","Cơ sở II","12:50:00 9/11/2026","16:00:00 9/11/2026",""
"124000534","Nguyễn Ngọc Bình An","Thứ 4","Sáng","Vi điều khiển","[24CD111][24JC111]","Ngô Kim Long","C301_PM04","Cơ sở I","07:30:00 11/11/2026","11:25:00 11/11/2026",""
"124000534","Nguyễn Ngọc Bình An","Thứ 2","Sáng","Thực tập Vi điều khiển","[24CD111][24JC111]_NHÓM 1","Ngô Kim Long","I507_VDK","Cơ sở VI","07:30:00 16/11/2026","11:25:00 16/11/2026",""
"124000534","Nguyễn Ngọc Bình An","Thứ 2","Chiều","English 5","[24CD111]_NHÓM 1","Võ Thị Thanh Lan","D502","Cơ sở II","12:50:00 16/11/2026","16:00:00 16/11/2026",""
"124000534","Nguyễn Ngọc Bình An","Thứ 2","Sáng","Thực tập Vi điều khiển","[24CD111][24JC111]_NHÓM 1","Ngô Kim Long","I507_VDK","Cơ sở VI","07:30:00 23/11/2026","11:25:00 23/11/2026",""
"124000534","Nguyễn Ngọc Bình An","Thứ 2","Chiều","English 5","[24CD111]_NHÓM 1","Võ Thị Thanh Lan","D502","Cơ sở II","12:50:00 23/11/2026","16:00:00 23/11/2026",""
"125001875","Nguyễn Hoàng Phi Hùng","Thứ 2","Chiều","An toàn","25AT10","Ninh Thị Thúy","I309_3S5S","Cơ sở VI","12:50:00 5/10/2026","16:00:00 5/10/2026",""
"125001875","Nguyễn Hoàng Phi Hùng","Thứ 3","Sáng","Thực tập Kỹ thuật Hàn","[25CK111]_NHÓM 2","Nguyễn Thiện Tài","I311_CKTQ","Cơ sở VI","07:30:00 6/10/2026","11:25:00 6/10/2026",""
"125001875","Nguyễn Hoàng Phi Hùng","Thứ 3","Chiều","Cơ kỹ thuật","[25CK111]","Nguyễn Ngọc Minh","G505","Cơ sở V","12:50:00 6/10/2026","16:00:00 6/10/2026",""
"125001875","Nguyễn Hoàng Phi Hùng","Thứ 4","Sáng","Ngoại ngữ 3","[25CK111]","Phạm Hồng Thái","Học Online","Online","07:30:00 7/10/2026","10:40:00 7/10/2026",""
"125001875","Nguyễn Hoàng Phi Hùng","Thứ 4","Sáng","Ngoại ngữ 3","[25CK111]","Phạm Hồng Thái","Học Online","Online","10:40:00 7/10/2026","11:25:00 7/10/2026",""
"125001875","Nguyễn Hoàng Phi Hùng","Thứ 4","Chiều","Công nghệ Khí nén - Thủy lực","[25CK111]-NHÓM 2","Nguyễn Thiện Tài","G507","Cơ sở V","12:50:00 7/10/2026","16:45:00 7/10/2026",""
"125001875","Nguyễn Hoàng Phi Hùng","Thứ 5","Sáng","Thực tập Kỹ thuật Hàn","[25CK111]_NHÓM 2","Nguyễn Thiện Tài","I311_CKTQ","Cơ sở VI","07:30:00 8/10/2026","11:25:00 8/10/2026",""
"125001875","Nguyễn Hoàng Phi Hùng","Thứ 6","Sáng","Nguyên lý - Chi tiết máy","[25CK111]","Văn Hữu Thịnh","G506","Cơ sở V","07:30:00 9/10/2026","10:40:00 9/10/2026",""
"125001875","Nguyễn Hoàng Phi Hùng","Thứ 6","Chiều","Công nghệ Khí nén - Thủy lực","[25CK111]-NHÓM 2","Nguyễn Thiện Tài","I501_ATLab","Cơ sở VI","12:50:00 9/10/2026","16:00:00 9/10/2026",""
"125001875","Nguyễn Hoàng Phi Hùng","Thứ 6","Chiều","Công nghệ Khí nén - Thủy lực","[25CK111]-NHÓM 2","Nguyễn Thiện Tài","I501_ATLab","Cơ sở VI","16:00:00 9/10/2026","16:45:00 9/10/2026",""
"125001875","Nguyễn Hoàng Phi Hùng","Thứ 7","Chiều","Công nghệ kim loại","[25CK111]","Phạm Quốc Cường","G403","Cơ sở V","12:50:00 10/10/2026","16:45:00 10/10/2026",""
"125001875","Nguyễn Hoàng Phi Hùng","Thứ 2","Chiều","An toàn","25AT10","Ninh Thị Thúy","I309_3S5S","Cơ sở VI","12:50:00 12/10/2026","16:00:00 12/10/2026",""
"125001875","Nguyễn Hoàng Phi Hùng","Thứ 4","Sáng","Ngoại ngữ 3","[25CK111]","Phạm Hồng Thái","G306","Cơ sở V","07:30:00 14/10/2026","10:40:00 14/10/2026",""
"125001875","Nguyễn Hoàng Phi Hùng","Thứ 6","Sáng","Nguyên lý - Chi tiết máy","[25CK111]","Văn Hữu Thịnh","G506","Cơ sở V","07:30:00 16/10/2026","10:40:00 16/10/2026",""
"125001875","Nguyễn Hoàng Phi Hùng","Thứ 7","Sáng","Thực tập Kỹ thuật Đo lường - Cảm biến","[25CK111]_NHÓM 2","Ngô Văn Bình","I307_DLCB","Cơ sở VI","07:30:00 17/10/2026","11:25:00 17/10/2026",""
"125001875","Nguyễn Hoàng Phi Hùng","Thứ 7","Chiều","Công nghệ kim loại","[25CK111]","Phạm Quốc Cường","G403","Cơ sở V","12:50:00 17/10/2026","16:45:00 17/10/2026",""
"125001875","Nguyễn Hoàng Phi Hùng","Thứ 3","Chiều","Cơ kỹ thuật","[25CK111]","Nguyễn Ngọc Minh","G505","Cơ sở V","12:50:00 20/10/2026","16:00:00 20/10/2026",""
"125001875","Nguyễn Hoàng Phi Hùng","Thứ 4","Sáng","Ngoại ngữ 3","[25CK111]","Phạm Hồng Thái","G306","Cơ sở V","07:30:00 21/10/2026","10:40:00 21/10/2026",""
"125001875","Nguyễn Hoàng Phi Hùng","Thứ 4","Sáng","Sinh hoạt lớp","25CK111","La Khải Khải","G306","Cơ sở V","10:40:00 21/10/2026","11:25:00 21/10/2026",""
"125001875","Nguyễn Hoàng Phi Hùng","Thứ 6","Sáng","Nguyên lý - Chi tiết máy","[25CK111]","Văn Hữu Thịnh","G506","Cơ sở V","07:30:00 23/10/2026","10:40:00 23/10/2026",""
"125001875","Nguyễn Hoàng Phi Hùng","Thứ 7","Sáng","Thực tập Kỹ thuật Đo lường - Cảm biến","[25CK111]_NHÓM 2","Ngô Văn Bình","I307_DLCB","Cơ sở VI","07:30:00 24/10/2026","11:25:00 24/10/2026",""
"125001875","Nguyễn Hoàng Phi Hùng","Thứ 7","Chiều","Công nghệ kim loại","[25CK111]","Phạm Quốc Cường","G403","Cơ sở V","12:50:00 24/10/2026","16:45:00 24/10/2026",""
"125001875","Nguyễn Hoàng Phi Hùng","Thứ 3","Chiều","Cơ kỹ thuật","[25CK111]","Nguyễn Ngọc Minh","G505","Cơ sở V","12:50:00 27/10/2026","16:00:00 27/10/2026",""
"125001875","Nguyễn Hoàng Phi Hùng","Thứ 4","Chiều","Công nghệ Khí nén - Thủy lực","[25CK111]-NHÓM 2","Nguyễn Thiện Tài","G503","Cơ sở V","12:50:00 28/10/2026","16:00:00 28/10/2026",""
"125001875","Nguyễn Hoàng Phi Hùng","Thứ 5","Sáng","Thực tập Kỹ thuật Hàn","[25CK111]_NHÓM 2","Nguyễn Thiện Tài","I311_CKTQ","Cơ sở VI","07:30:00 29/10/2026","11:25:00 29/10/2026",""
"125001875","Nguyễn Hoàng Phi Hùng","Thứ 6","Sáng","Nguyên lý - Chi tiết máy","[25CK111]","Văn Hữu Thịnh","G506","Cơ sở V","07:30:00 30/10/2026","10:40:00 30/10/2026",""
"125001875","Nguyễn Hoàng Phi Hùng","Thứ 7","Sáng","Thực tập Kỹ thuật Đo lường - Cảm biến","[25CK111]_NHÓM 2","Ngô Văn Bình","I307_DLCB","Cơ sở VI","07:30:00 31/10/2026","11:25:00 31/10/2026",""
"125001875","Nguyễn Hoàng Phi Hùng","Thứ 7","Chiều","Công nghệ kim loại","[25CK111]","Phạm Quốc Cường","G403","Cơ sở V","12:50:00 31/10/2026","16:45:00 31/10/2026",""
"125001875","Nguyễn Hoàng Phi Hùng","Thứ 3","Chiều","Cơ kỹ thuật","[25CK111]","Nguyễn Ngọc Minh","Học Online","Online","12:50:00 3/11/2026","16:00:00 3/11/2026",""
"125001875","Nguyễn Hoàng Phi Hùng","Thứ 6","Sáng","Nguyên lý - Chi tiết máy","[25CK111]","Văn Hữu Thịnh","G506","Cơ sở V","07:30:00 6/11/2026","10:40:00 6/11/2026",""
"125001875","Nguyễn Hoàng Phi Hùng","Thứ 7","Sáng","Thực tập Kỹ thuật Đo lường - Cảm biến","[25CK111]_NHÓM 2","Ngô Văn Bình","I307_DLCB","Cơ sở VI","07:30:00 7/11/2026","11:25:00 7/11/2026",""
"125001875","Nguyễn Hoàng Phi Hùng","Thứ 7","Chiều","Công nghệ kim loại","[25CK111]","Phạm Quốc Cường","G403","Cơ sở V","12:50:00 7/11/2026","16:45:00 7/11/2026",""
"125001875","Nguyễn Hoàng Phi Hùng","Thứ 5","Sáng","Thực tập Kỹ thuật Hàn","[25CK111]_NHÓM 2","Nguyễn Thiện Tài","I311_CKTQ","Cơ sở VI","07:30:00 12/11/2026","11:25:00 12/11/2026",""
"125001875","Nguyễn Hoàng Phi Hùng","Thứ 6","Sáng","Nguyên lý - Chi tiết máy","[25CK111]","Văn Hữu Thịnh","G506","Cơ sở V","07:30:00 13/11/2026","10:40:00 13/11/2026",""
"125001875","Nguyễn Hoàng Phi Hùng","Thứ 7","Sáng","Thực tập Kỹ thuật Đo lường - Cảm biến","[25CK111]_NHÓM 2","Ngô Văn Bình","I307_DLCB","Cơ sở VI","07:30:00 14/11/2026","11:25:00 14/11/2026",""
"125001875","Nguyễn Hoàng Phi Hùng","Thứ 7","Chiều","Công nghệ kim loại","[25CK111]","Phạm Quốc Cường","G403","Cơ sở V","12:50:00 14/11/2026","16:45:00 14/11/2026",""
"125001875","Nguyễn Hoàng Phi Hùng","Thứ 5","Sáng","Thực tập Kỹ thuật Đo lường - Cảm biến","[25CK111]_NHÓM 2","Ngô Văn Bình","I307_DLCB","Cơ sở VI","07:30:00 19/11/2026","11:25:00 19/11/2026",""
"125001875","Nguyễn Hoàng Phi Hùng","Thứ 6","Sáng","Nguyên lý - Chi tiết máy","[25CK111]","Văn Hữu Thịnh","G506","Cơ sở V","07:30:00 20/11/2026","10:40:00 20/11/2026",""
"125001875","Nguyễn Hoàng Phi Hùng","Thứ 7","Sáng","Thực tập Kỹ thuật Đo lường - Cảm biến","[25CK111]_NHÓM 2","Ngô Văn Bình","I307_DLCB","Cơ sở VI","07:30:00 21/11/2026","11:25:00 21/11/2026",""
"125001875","Nguyễn Hoàng Phi Hùng","Thứ 5","Sáng","Thực tập Kỹ thuật Đo lường - Cảm biến","[25CK111]_NHÓM 2","Ngô Văn Bình","I307_DLCB","Cơ sở VI","07:30:00 26/11/2026","11:25:00 26/11/2026",""
"125001875","Nguyễn Hoàng Phi Hùng","Thứ 7","Sáng","Thực tập Kỹ thuật Đo lường - Cảm biến","[25CK111]_NHÓM 2","Ngô Văn Bình","I307_DLCB","Cơ sở VI","07:30:00 28/11/2026","11:25:00 28/11/2026",""
"124000737","Phạm Tuấn Phát","Thứ 2","Chiều","Vi điều khiển ứng dụng ","[24OT112]","Ngô Kim Long","C404_PM09","Cơ sở I","12:50:00 5/10/2026","16:45:00 5/10/2026",""
"124000737","Phạm Tuấn Phát","Thứ 4","Sáng","Công nghệ kỹ thuật Xe điện và xe lai","[24OT112]","Hoàng Ngọc Tân","G505","Cơ sở V","07:30:00 7/10/2026","11:25:00 7/10/2026",""
"124000737","Phạm Tuấn Phát","Thứ 5","Sáng","Thực tập hệ thống điều khiển và chuyển động ô tô ","[24OT112]_NHÓM 2","Nguyễn Công Quý","E108_KG01","Cơ sở III","07:30:00 8/10/2026","11:25:00 8/10/2026",""
"124000737","Phạm Tuấn Phát","Thứ 5","Chiều","Thực tập hệ thống điện – điện tử ôtô","[24OT112]_NHÓM 2","Phạm Công Sơn","I208_DOTO","Cơ sở VI","12:50:00 8/10/2026","16:45:00 8/10/2026",""
"124000737","Phạm Tuấn Phát","Thứ 6","Sáng","English 5","[24OT112]","Nguyễn Ngọc Lưu Ly","G302","Cơ sở V","07:30:00 9/10/2026","10:40:00 9/10/2026",""
"124000737","Phạm Tuấn Phát","Thứ 6","Chiều","Hệ thống điều khiển tự động trên ô tô ","[24OT112]","Huỳnh Tuấn Tú","C204_PM03","Cơ sở I","12:50:00 9/10/2026","16:45:00 9/10/2026",""
"124000737","Phạm Tuấn Phát","Thứ 4","Sáng","Công nghệ kỹ thuật Xe điện và xe lai","[24OT112]","Hoàng Ngọc Tân","G502","Cơ sở V","07:30:00 14/10/2026","11:25:00 14/10/2026",""
"124000737","Phạm Tuấn Phát","Thứ 5","Sáng","Thực tập hệ thống điều khiển và chuyển động ô tô ","[24OT112]_NHÓM 2","Nguyễn Công Quý","E108_KG01","Cơ sở III","07:30:00 15/10/2026","11:25:00 15/10/2026",""
"124000737","Phạm Tuấn Phát","Thứ 5","Chiều","Thực tập hệ thống điện – điện tử ôtô","[24OT112]_NHÓM 2","Phạm Công Sơn","I208_DOTO","Cơ sở VI","12:50:00 15/10/2026","16:45:00 15/10/2026",""
"124000737","Phạm Tuấn Phát","Thứ 6","Sáng","English 5","[24OT112]","Nguyễn Ngọc Lưu Ly","G302","Cơ sở V","07:30:00 16/10/2026","10:40:00 16/10/2026",""
"124000737","Phạm Tuấn Phát","Thứ 6","Chiều","Hệ thống điều khiển tự động trên ô tô ","[24OT112]","Huỳnh Tuấn Tú","C204_PM03","Cơ sở I","12:50:00 16/10/2026","16:45:00 16/10/2026",""
"124000737","Phạm Tuấn Phát","Thứ 5","Sáng","Thực tập hệ thống điều khiển và chuyển động ô tô ","[24OT112]_NHÓM 2","Nguyễn Công Quý","E108_KG01","Cơ sở III","07:30:00 22/10/2026","11:25:00 22/10/2026",""
"124000737","Phạm Tuấn Phát","Thứ 5","Chiều","Thực tập hệ thống điện – điện tử ôtô","[24OT112]_NHÓM 2","Phạm Công Sơn","I208_DOTO","Cơ sở VI","12:50:00 22/10/2026","16:45:00 22/10/2026",""
"124000737","Phạm Tuấn Phát","Thứ 6","Sáng","English 5","[24OT112]","Nguyễn Ngọc Lưu Ly","G302","Cơ sở V","07:30:00 23/10/2026","10:40:00 23/10/2026",""
"124000737","Phạm Tuấn Phát","Thứ 6","Chiều","Hệ thống điều khiển tự động trên ô tô ","[24OT112]","Huỳnh Tuấn Tú","C204_PM03","Cơ sở I","12:50:00 23/10/2026","16:45:00 23/10/2026",""
"124000737","Phạm Tuấn Phát","Thứ 5","Sáng","Thực tập hệ thống điều khiển và chuyển động ô tô ","[24OT112]_NHÓM 2","Nguyễn Công Quý","E108_KG01","Cơ sở III","07:30:00 29/10/2026","11:25:00 29/10/2026",""
"124000737","Phạm Tuấn Phát","Thứ 5","Chiều","Thực tập hệ thống điện – điện tử ôtô","[24OT112]_NHÓM 2","Phạm Công Sơn","I208_DOTO","Cơ sở VI","12:50:00 29/10/2026","16:45:00 29/10/2026",""
"124000737","Phạm Tuấn Phát","Thứ 6","Sáng","English 5","[24OT112]","Nguyễn Ngọc Lưu Ly","G302","Cơ sở V","07:30:00 30/10/2026","10:40:00 30/10/2026",""
"124000737","Phạm Tuấn Phát","Thứ 6","Chiều","Hệ thống điều khiển tự động trên ô tô ","[24OT112]","Huỳnh Tuấn Tú","C204_PM03","Cơ sở I","12:50:00 30/10/2026","16:45:00 30/10/2026",""
"124000737","Phạm Tuấn Phát","Thứ 5","Chiều","Thực tập hệ thống điện – điện tử ôtô","[24OT112]_NHÓM 2","Phạm Công Sơn","I208_DOTO","Cơ sở VI","12:50:00 5/11/2026","16:45:00 5/11/2026",""
"124000737","Phạm Tuấn Phát","Thứ 6","Sáng","English 5","[24OT112]","Nguyễn Ngọc Lưu Ly","G302","Cơ sở V","07:30:00 6/11/2026","10:40:00 6/11/2026",""
"124000737","Phạm Tuấn Phát","Thứ 6","Sáng","Sinh hoạt lớp","24OT112","Ninh Thị Thúy","G302","Cơ sở V","10:40:00 6/11/2026","11:25:00 6/11/2026",""
"124000737","Phạm Tuấn Phát","Thứ 5","Chiều","Thực tập hệ thống điện – điện tử ôtô","[24OT112]_NHÓM 2","Phạm Công Sơn","I208_DOTO","Cơ sở VI","12:50:00 12/11/2026","16:45:00 12/11/2026",""
"124000737","Phạm Tuấn Phát","Thứ 6","Sáng","English 5","[24OT112]","Nguyễn Ngọc Lưu Ly","G302","Cơ sở V","07:30:00 13/11/2026","10:40:00 13/11/2026",""
"124000737","Phạm Tuấn Phát","Thứ 6","Sáng","English 5","[24OT112]","Nguyễn Ngọc Lưu Ly","G302","Cơ sở V","07:30:00 20/11/2026","10:40:00 20/11/2026",""
"124000737","Phạm Tuấn Phát","Thứ 6","Sáng","English 5","[24OT112]","Nguyễn Ngọc Lưu Ly","G302","Cơ sở V","07:30:00 27/11/2026","10:40:00 27/11/2026",""
"125001809","Nguyễn Thanh Thái","Thứ 3","Chiều","Cơ kỹ thuật","[25CK111]","Nguyễn Ngọc Minh","G505","Cơ sở V","12:50:00 6/10/2026","16:00:00 6/10/2026",""
"125001809","Nguyễn Thanh Thái","Thứ 4","Sáng","Ngoại ngữ 3","[25CK111]","Phạm Hồng Thái","Học Online","Online","07:30:00 7/10/2026","10:40:00 7/10/2026",""
"125001809","Nguyễn Thanh Thái","Thứ 4","Sáng","Ngoại ngữ 3","[25CK111]","Phạm Hồng Thái","Học Online","Online","10:40:00 7/10/2026","11:25:00 7/10/2026",""
"125001809","Nguyễn Thanh Thái","Thứ 4","Chiều","Công nghệ Khí nén - Thủy lực","[25CK111]-NHÓM 3","Nguyễn Thiện Tài","G507","Cơ sở V","12:50:00 7/10/2026","16:45:00 7/10/2026",""
"125001809","Nguyễn Thanh Thái","Thứ 6","Sáng","Nguyên lý - Chi tiết máy","[25CK111]","Văn Hữu Thịnh","G506","Cơ sở V","07:30:00 9/10/2026","10:40:00 9/10/2026",""
"125001809","Nguyễn Thanh Thái","Thứ 7","Sáng","Thực tập Kỹ thuật Hàn","[25CK111]_NHÓM 3","Nguyễn Thiện Tài","I311_CKTQ","Cơ sở VI","07:30:00 10/10/2026","11:25:00 10/10/2026",""
"125001809","Nguyễn Thanh Thái","Thứ 7","Chiều","Công nghệ kim loại","[25CK111]","Phạm Quốc Cường","G403","Cơ sở V","12:50:00 10/10/2026","16:45:00 10/10/2026",""
"125001809","Nguyễn Thanh Thái","Thứ 7","Tối","An toàn","25AT11","Ninh Thị Thúy","I309_3S5S","Cơ sở VI","17:30:00 10/10/2026","20:40:00 10/10/2026",""
"125001809","Nguyễn Thanh Thái","Thứ 2","Sáng","Thực tập Kỹ thuật Đo lường - Cảm biến","[25CK111]_NHÓM 3","Ngô Văn Bình","I307_DLCB","Cơ sở VI","07:30:00 12/10/2026","11:25:00 12/10/2026",""
"125001809","Nguyễn Thanh Thái","Thứ 4","Sáng","Ngoại ngữ 3","[25CK111]","Phạm Hồng Thái","G306","Cơ sở V","07:30:00 14/10/2026","10:40:00 14/10/2026",""
"125001809","Nguyễn Thanh Thái","Thứ 5","Sáng","Thực tập Kỹ thuật Hàn","[25CK111]_NHÓM 3","Nguyễn Thiện Tài","I311_CKTQ","Cơ sở VI","07:30:00 15/10/2026","11:25:00 15/10/2026",""
"125001809","Nguyễn Thanh Thái","Thứ 5","Chiều","Công nghệ Khí nén - Thủy lực","[25CK111]-NHÓM 3","Nguyễn Thiện Tài","I501_ATLab","Cơ sở VI","12:50:00 15/10/2026","16:00:00 15/10/2026",""
"125001809","Nguyễn Thanh Thái","Thứ 6","Sáng","Nguyên lý - Chi tiết máy","[25CK111]","Văn Hữu Thịnh","G506","Cơ sở V","07:30:00 16/10/2026","10:40:00 16/10/2026",""
"125001809","Nguyễn Thanh Thái","Thứ 6","Chiều","Thực tập Kỹ thuật Hàn","[25CK111]_NHÓM 3","Nguyễn Thiện Tài","I311_CKTQ","Cơ sở VI","12:50:00 16/10/2026","16:45:00 16/10/2026",""
"125001809","Nguyễn Thanh Thái","Thứ 7","Chiều","Công nghệ kim loại","[25CK111]","Phạm Quốc Cường","G403","Cơ sở V","12:50:00 17/10/2026","16:45:00 17/10/2026",""
"125001809","Nguyễn Thanh Thái","Thứ 7","Tối","An toàn","25AT11","Ninh Thị Thúy","I309_3S5S","Cơ sở VI","17:30:00 17/10/2026","20:40:00 17/10/2026",""
"125001809","Nguyễn Thanh Thái","Thứ 2","Sáng","Thực tập Kỹ thuật Đo lường - Cảm biến","[25CK111]_NHÓM 3","Ngô Văn Bình","I307_DLCB","Cơ sở VI","07:30:00 19/10/2026","11:25:00 19/10/2026",""
"125001809","Nguyễn Thanh Thái","Thứ 3","Chiều","Cơ kỹ thuật","[25CK111]","Nguyễn Ngọc Minh","G505","Cơ sở V","12:50:00 20/10/2026","16:00:00 20/10/2026",""
"125001809","Nguyễn Thanh Thái","Thứ 4","Sáng","Ngoại ngữ 3","[25CK111]","Phạm Hồng Thái","G306","Cơ sở V","07:30:00 21/10/2026","10:40:00 21/10/2026",""
"125001809","Nguyễn Thanh Thái","Thứ 4","Sáng","Sinh hoạt lớp","25CK111","La Khải Khải","G306","Cơ sở V","10:40:00 21/10/2026","11:25:00 21/10/2026",""
"125001809","Nguyễn Thanh Thái","Thứ 5","Chiều","Công nghệ Khí nén - Thủy lực","[25CK111]-NHÓM 3","Nguyễn Thiện Tài","I501_ATLab","Cơ sở VI","12:50:00 22/10/2026","16:00:00 22/10/2026",""
"125001809","Nguyễn Thanh Thái","Thứ 6","Sáng","Nguyên lý - Chi tiết máy","[25CK111]","Văn Hữu Thịnh","G506","Cơ sở V","07:30:00 23/10/2026","10:40:00 23/10/2026",""
"125001809","Nguyễn Thanh Thái","Thứ 7","Chiều","Công nghệ kim loại","[25CK111]","Phạm Quốc Cường","G403","Cơ sở V","12:50:00 24/10/2026","16:45:00 24/10/2026",""
"125001809","Nguyễn Thanh Thái","Thứ 7","Tối","An toàn","25AT11","Ninh Thị Thúy","I309_3S5S","Cơ sở VI","17:30:00 24/10/2026","20:40:00 24/10/2026",""
"125001809","Nguyễn Thanh Thái","Thứ 2","Sáng","Thực tập Kỹ thuật Đo lường - Cảm biến","[25CK111]_NHÓM 3","Ngô Văn Bình","I307_DLCB","Cơ sở VI","07:30:00 26/10/2026","11:25:00 26/10/2026",""
"125001809","Nguyễn Thanh Thái","Thứ 3","Chiều","Cơ kỹ thuật","[25CK111]","Nguyễn Ngọc Minh","G505","Cơ sở V","12:50:00 27/10/2026","16:00:00 27/10/2026",""
"125001809","Nguyễn Thanh Thái","Thứ 4","Chiều","Công nghệ Khí nén - Thủy lực","[25CK111]-NHÓM 3","Nguyễn Thiện Tài","G503","Cơ sở V","12:50:00 28/10/2026","16:00:00 28/10/2026",""
"125001809","Nguyễn Thanh Thái","Thứ 5","Sáng","Thực tập Kỹ thuật Đo lường - Cảm biến","[25CK111]_NHÓM 3","Ngô Văn Bình","I307_DLCB","Cơ sở VI","07:30:00 29/10/2026","11:25:00 29/10/2026",""
"125001809","Nguyễn Thanh Thái","Thứ 6","Sáng","Nguyên lý - Chi tiết máy","[25CK111]","Văn Hữu Thịnh","G506","Cơ sở V","07:30:00 30/10/2026","10:40:00 30/10/2026",""
"125001809","Nguyễn Thanh Thái","Thứ 7","Chiều","Công nghệ kim loại","[25CK111]","Phạm Quốc Cường","G403","Cơ sở V","12:50:00 31/10/2026","16:45:00 31/10/2026",""
"125001809","Nguyễn Thanh Thái","Thứ 7","Tối","An toàn","25AT11","Ninh Thị Thúy","I309_3S5S","Cơ sở VI","17:30:00 31/10/2026","20:40:00 31/10/2026",""
"125001809","Nguyễn Thanh Thái","Thứ 2","Sáng","Thực tập Kỹ thuật Đo lường - Cảm biến","[25CK111]_NHÓM 3","Ngô Văn Bình","I307_DLCB","Cơ sở VI","07:30:00 2/11/2026","11:25:00 2/11/2026",""
"125001809","Nguyễn Thanh Thái","Thứ 3","Chiều","Cơ kỹ thuật","[25CK111]","Nguyễn Ngọc Minh","Học Online","Online","12:50:00 3/11/2026","16:00:00 3/11/2026",""
"125001809","Nguyễn Thanh Thái","Thứ 5","Sáng","Thực tập Kỹ thuật Hàn","[25CK111]_NHÓM 3","Nguyễn Thiện Tài","I311_CKTQ","Cơ sở VI","07:30:00 5/11/2026","11:25:00 5/11/2026",""
"125001809","Nguyễn Thanh Thái","Thứ 6","Sáng","Nguyên lý - Chi tiết máy","[25CK111]","Văn Hữu Thịnh","G506","Cơ sở V","07:30:00 6/11/2026","10:40:00 6/11/2026",""
"125001809","Nguyễn Thanh Thái","Thứ 7","Chiều","Công nghệ kim loại","[25CK111]","Phạm Quốc Cường","G403","Cơ sở V","12:50:00 7/11/2026","16:45:00 7/11/2026",""
"125001809","Nguyễn Thanh Thái","Thứ 7","Tối","An toàn","25AT11","Ninh Thị Thúy","I309_3S5S","Cơ sở VI","17:30:00 7/11/2026","20:40:00 7/11/2026",""
"125001809","Nguyễn Thanh Thái","Thứ 2","Sáng","Thực tập Kỹ thuật Đo lường - Cảm biến","[25CK111]_NHÓM 3","Ngô Văn Bình","I307_DLCB","Cơ sở VI","07:30:00 9/11/2026","11:25:00 9/11/2026",""
"125001809","Nguyễn Thanh Thái","Thứ 6","Sáng","Nguyên lý - Chi tiết máy","[25CK111]","Văn Hữu Thịnh","G506","Cơ sở V","07:30:00 13/11/2026","10:40:00 13/11/2026",""
"125001809","Nguyễn Thanh Thái","Thứ 7","Chiều","Công nghệ kim loại","[25CK111]","Phạm Quốc Cường","G403","Cơ sở V","12:50:00 14/11/2026","16:45:00 14/11/2026",""
"125001809","Nguyễn Thanh Thái","Thứ 7","Tối","An toàn","25AT11","Ninh Thị Thúy","Dã Ngoại","Cơ sở khác","17:30:00 14/11/2026","20:40:00 14/11/2026",""
"125001809","Nguyễn Thanh Thái","Thứ 2","Sáng","Thực tập Kỹ thuật Đo lường - Cảm biến","[25CK111]_NHÓM 3","Ngô Văn Bình","I307_DLCB","Cơ sở VI","07:30:00 16/11/2026","11:25:00 16/11/2026",""
"125001809","Nguyễn Thanh Thái","Thứ 6","Sáng","Nguyên lý - Chi tiết máy","[25CK111]","Văn Hữu Thịnh","G506","Cơ sở V","07:30:00 20/11/2026","10:40:00 20/11/2026",""
"125001809","Nguyễn Thanh Thái","Thứ 2","Sáng","Thực tập Kỹ thuật Đo lường - Cảm biến","[25CK111]_NHÓM 3","Ngô Văn Bình","I307_DLCB","Cơ sở VI","07:30:00 23/11/2026","11:25:00 23/11/2026",""
"125001809","Nguyễn Thanh Thái","Thứ 5","Sáng","Thực tập Kỹ thuật Hàn","[25CK111]_NHÓM 3","Nguyễn Thiện Tài","I311_CKTQ","Cơ sở VI","07:30:00 26/11/2026","11:25:00 26/11/2026",""
"125001809","Nguyễn Thanh Thái","Thứ 6","Sáng","Thực tập Kỹ thuật Đo lường - Cảm biến","[25CK111]_NHÓM 3","Ngô Văn Bình","I307_DLCB","Cơ sở VI","07:30:00 27/11/2026","11:25:00 27/11/2026",""
"124001238","Nguyễn Đức Huy","Thứ 2","Chiều","English 5","[24CD111]_NHÓM 1","Võ Thị Thanh Lan","Học Online","Online","12:50:00 5/10/2026","16:00:00 5/10/2026",""
"124001238","Nguyễn Đức Huy","Thứ 2","Chiều","Sinh hoạt lớp","24CD111","Nguyễn Thiện Tài","D502","Cơ sở II","16:00:00 5/10/2026","16:45:00 5/10/2026",""
"124001238","Nguyễn Đức Huy","Thứ 3","Chiều","Thực tập Vi điều khiển","[24CD111][24JC111]_NHÓM 2","Ngô Kim Long","I507_VDK","Cơ sở VI","12:50:00 6/10/2026","16:45:00 6/10/2026",""
"124001238","Nguyễn Đức Huy","Thứ 4","Sáng","Vi điều khiển","[24CD111][24JC111]","Ngô Kim Long","C301_PM04","Cơ sở I","07:30:00 7/10/2026","11:25:00 7/10/2026",""
"124001238","Nguyễn Đức Huy","Thứ 6","Sáng","Robot công nghiệp ","[24CD111][24JC111]","Huỳnh Tuấn Tú","G405","Cơ sở V","07:30:00 9/10/2026","11:25:00 9/10/2026",""
"124001238","Nguyễn Đức Huy","Thứ 7","Chiều","Kỹ thuật lập trình PLC","[24CD111][24JC111]-NHÓM 2","Nguyễn Hữu Hưng","C503_PM12","Cơ sở I","12:50:00 10/10/2026","16:45:00 10/10/2026",""
"124001238","Nguyễn Đức Huy","Thứ 2","Chiều","English 5","[24CD111]_NHÓM 1","Võ Thị Thanh Lan","D502","Cơ sở II","12:50:00 12/10/2026","16:00:00 12/10/2026",""
"124001238","Nguyễn Đức Huy","Thứ 4","Sáng","Vi điều khiển","[24CD111][24JC111]","Ngô Kim Long","C301_PM04","Cơ sở I","07:30:00 14/10/2026","11:25:00 14/10/2026",""
"124001238","Nguyễn Đức Huy","Thứ 2","Chiều","English 5","[24CD111]_NHÓM 1","Võ Thị Thanh Lan","D502","Cơ sở II","12:50:00 19/10/2026","16:00:00 19/10/2026",""
"124001238","Nguyễn Đức Huy","Thứ 3","Chiều","Thực tập Vi điều khiển","[24CD111][24JC111]_NHÓM 2","Ngô Kim Long","I507_VDK","Cơ sở VI","12:50:00 20/10/2026","16:45:00 20/10/2026",""
"124001238","Nguyễn Đức Huy","Thứ 4","Sáng","Vi điều khiển","[24CD111][24JC111]","Ngô Kim Long","C301_PM04","Cơ sở I","07:30:00 21/10/2026","11:25:00 21/10/2026",""
"124001238","Nguyễn Đức Huy","Thứ 7","Chiều","Kỹ thuật lập trình PLC","[24CD111][24JC111]-NHÓM 2","Nguyễn Hữu Hưng","C503_PM12","Cơ sở I","12:50:00 24/10/2026","16:45:00 24/10/2026",""
"124001238","Nguyễn Đức Huy","Thứ 2","Chiều","English 5","[24CD111]_NHÓM 1","Võ Thị Thanh Lan","D502","Cơ sở II","12:50:00 26/10/2026","16:00:00 26/10/2026",""
"124001238","Nguyễn Đức Huy","Thứ 3","Chiều","Thực tập Vi điều khiển","[24CD111][24JC111]_NHÓM 2","Ngô Kim Long","I507_VDK","Cơ sở VI","12:50:00 27/10/2026","16:45:00 27/10/2026",""
"124001238","Nguyễn Đức Huy","Thứ 4","Sáng","Vi điều khiển","[24CD111][24JC111]","Ngô Kim Long","C301_PM04","Cơ sở I","07:30:00 28/10/2026","11:25:00 28/10/2026",""
"124001238","Nguyễn Đức Huy","Thứ 5","Sáng","Kỹ thuật lập trình PLC","[24CD111][24JC111]-NHÓM 2","Nguyễn Hữu Hưng","C503_PM12","Cơ sở I","07:30:00 29/10/2026","11:25:00 29/10/2026",""
"124001238","Nguyễn Đức Huy","Thứ 7","Chiều","Kỹ thuật lập trình PLC","[24CD111][24JC111]-NHÓM 2","Nguyễn Hữu Hưng","C503_PM12","Cơ sở I","12:50:00 31/10/2026","16:45:00 31/10/2026",""
"124001238","Nguyễn Đức Huy","Thứ 2","Chiều","English 5","[24CD111]_NHÓM 1","Võ Thị Thanh Lan","D502","Cơ sở II","12:50:00 2/11/2026","16:00:00 2/11/2026",""
"124001238","Nguyễn Đức Huy","Thứ 2","Chiều","Sinh hoạt lớp","24CD111","Nguyễn Thiện Tài","D502","Cơ sở II","16:00:00 2/11/2026","16:45:00 2/11/2026",""
"124001238","Nguyễn Đức Huy","Thứ 3","Chiều","Thực tập Vi điều khiển","[24CD111][24JC111]_NHÓM 2","Ngô Kim Long","I507_VDK","Cơ sở VI","12:50:00 3/11/2026","16:45:00 3/11/2026",""
"124001238","Nguyễn Đức Huy","Thứ 4","Sáng","Vi điều khiển","[24CD111][24JC111]","Ngô Kim Long","C301_PM04","Cơ sở I","07:30:00 4/11/2026","11:25:00 4/11/2026",""
"124001238","Nguyễn Đức Huy","Thứ 5","Sáng","Kỹ thuật lập trình PLC","[24CD111][24JC111]-NHÓM 2","Nguyễn Hữu Hưng","C503_PM12","Cơ sở I","07:30:00 5/11/2026","11:25:00 5/11/2026",""
"124001238","Nguyễn Đức Huy","Thứ 7","Chiều","Kỹ thuật lập trình PLC","[24CD111][24JC111]-NHÓM 2","Nguyễn Hữu Hưng","C503_PM12","Cơ sở I","12:50:00 7/11/2026","16:45:00 7/11/2026",""
"124001238","Nguyễn Đức Huy","Thứ 2","Chiều","English 5","[24CD111]_NHÓM 1","Võ Thị Thanh Lan","D502","Cơ sở II","12:50:00 9/11/2026","16:00:00 9/11/2026",""
"124001238","Nguyễn Đức Huy","Thứ 3","Chiều","Thực tập Vi điều khiển","[24CD111][24JC111]_NHÓM 2","Ngô Kim Long","I507_VDK","Cơ sở VI","12:50:00 10/11/2026","16:45:00 10/11/2026",""
"124001238","Nguyễn Đức Huy","Thứ 4","Sáng","Vi điều khiển","[24CD111][24JC111]","Ngô Kim Long","C301_PM04","Cơ sở I","07:30:00 11/11/2026","11:25:00 11/11/2026",""
"124001238","Nguyễn Đức Huy","Thứ 5","Sáng","Kỹ thuật lập trình PLC","[24CD111][24JC111]-NHÓM 2","Nguyễn Hữu Hưng","C503_PM12","Cơ sở I","07:30:00 12/11/2026","11:25:00 12/11/2026",""
"124001238","Nguyễn Đức Huy","Thứ 2","Chiều","English 5","[24CD111]_NHÓM 1","Võ Thị Thanh Lan","D502","Cơ sở II","12:50:00 16/11/2026","16:00:00 16/11/2026",""
"124001238","Nguyễn Đức Huy","Thứ 3","Chiều","Thực tập Vi điều khiển","[24CD111][24JC111]_NHÓM 2","Ngô Kim Long","I507_VDK","Cơ sở VI","12:50:00 17/11/2026","16:45:00 17/11/2026",""
"124001238","Nguyễn Đức Huy","Thứ 5","Sáng","Kỹ thuật lập trình PLC","[24CD111][24JC111]-NHÓM 2","Nguyễn Hữu Hưng","C503_PM12","Cơ sở I","07:30:00 19/11/2026","11:25:00 19/11/2026",""
"124001238","Nguyễn Đức Huy","Thứ 2","Chiều","English 5","[24CD111]_NHÓM 1","Võ Thị Thanh Lan","D502","Cơ sở II","12:50:00 23/11/2026","16:00:00 23/11/2026",""
"124001238","Nguyễn Đức Huy","Thứ 3","Chiều","Thực tập Vi điều khiển","[24CD111][24JC111]_NHÓM 2","Ngô Kim Long","I507_VDK","Cơ sở VI","12:50:00 24/11/2026","16:45:00 24/11/2026",""
"124001238","Nguyễn Đức Huy","Thứ 5","Sáng","Kỹ thuật lập trình PLC","[24CD111][24JC111]-NHÓM 2","Nguyễn Hữu Hưng","C503_PM12","Cơ sở I","07:30:00 26/11/2026","11:25:00 26/11/2026",""
"124001851","Nguyễn Thị Thùy","Thứ 2","Chiều","Lập trình Java ","[24AI111]","Phan Thị Hường","B302_LAB_CT","Cơ sở I","12:50:00 5/10/2026","16:45:00 5/10/2026",""
"124001851","Nguyễn Thị Thùy","Thứ 3","Sáng","Dữ liệu lớn Big data","[24AI111]","Nguyễn Khắc  Hoàng","B302_LAB_CT","Cơ sở I","07:30:00 6/10/2026","11:25:00 6/10/2026",""
"124001851","Nguyễn Thị Thùy","Thứ 4","Chiều","English 5","[24EC111][24AI111]","Lê Thị Hà","D401_Hybrid","Cơ sở II","12:50:00 7/10/2026","16:00:00 7/10/2026",""
"124001851","Nguyễn Thị Thùy","Thứ 4","Chiều","Sinh hoạt lớp","24AI111","Bùi Xuân Cảnh","D401_Hybrid","Cơ sở II","16:00:00 7/10/2026","16:45:00 7/10/2026",""
"124001851","Nguyễn Thị Thùy","Thứ 7","Sáng","Kiểm thử và đảm báo chất lượng phần mềm","[23CT111][24AI111]","Vũ Thanh Nhàn","C301_PM04","Cơ sở I","07:30:00 10/10/2026","11:25:00 10/10/2026",""
"124001851","Nguyễn Thị Thùy","Thứ 7","Chiều","Khai phá dữ liệu","[24AI111]","Lê Chân Thiện Tâm","C204_PM03","Cơ sở I","12:50:00 10/10/2026","16:45:00 10/10/2026",""
"124001851","Nguyễn Thị Thùy","Thứ 4","Chiều","English 5","[24EC111][24AI111]","Lê Thị Hà","D401_Hybrid","Cơ sở II","12:50:00 14/10/2026","16:00:00 14/10/2026",""
"124001851","Nguyễn Thị Thùy","Thứ 7","Sáng","Kiểm thử và đảm báo chất lượng phần mềm","[23CT111][24AI111]","Vũ Thanh Nhàn","C301_PM04","Cơ sở I","07:30:00 17/10/2026","11:25:00 17/10/2026",""
"124001851","Nguyễn Thị Thùy","Thứ 7","Chiều","Khai phá dữ liệu","[24AI111]","Lê Chân Thiện Tâm","C403_PM08","Cơ sở I","12:50:00 17/10/2026","16:45:00 17/10/2026",""
"124001851","Nguyễn Thị Thùy","Thứ 4","Chiều","English 5","[24EC111][24AI111]","Lê Thị Hà","D401_Hybrid","Cơ sở II","12:50:00 21/10/2026","16:00:00 21/10/2026",""
"124001851","Nguyễn Thị Thùy","Thứ 7","Sáng","Kiểm thử và đảm báo chất lượng phần mềm","[23CT111][24AI111]","Vũ Thanh Nhàn","C301_PM04","Cơ sở I","07:30:00 24/10/2026","11:25:00 24/10/2026",""
"124001851","Nguyễn Thị Thùy","Thứ 7","Chiều","Khai phá dữ liệu","[24AI111]","Lê Chân Thiện Tâm","C403_PM08","Cơ sở I","12:50:00 24/10/2026","16:45:00 24/10/2026",""
"124001851","Nguyễn Thị Thùy","Thứ 4","Chiều","English 5","[24EC111][24AI111]","Lê Thị Hà","D401_Hybrid","Cơ sở II","12:50:00 28/10/2026","16:00:00 28/10/2026",""
"124001851","Nguyễn Thị Thùy","Thứ 7","Sáng","Kiểm thử và đảm báo chất lượng phần mềm","[23CT111][24AI111]","Vũ Thanh Nhàn","C301_PM04","Cơ sở I","07:30:00 31/10/2026","11:25:00 31/10/2026",""
"124001851","Nguyễn Thị Thùy","Thứ 4","Chiều","English 5","[24EC111][24AI111]","Lê Thị Hà","D401_Hybrid","Cơ sở II","12:50:00 4/11/2026","16:00:00 4/11/2026",""
"124001851","Nguyễn Thị Thùy","Thứ 4","Chiều","Sinh hoạt lớp","24AI111","Bùi Xuân Cảnh","D401_Hybrid","Cơ sở II","16:00:00 4/11/2026","16:45:00 4/11/2026",""
"124001851","Nguyễn Thị Thùy","Thứ 7","Sáng","Kiểm thử và đảm báo chất lượng phần mềm","[23CT111][24AI111]","Vũ Thanh Nhàn","C301_PM04","Cơ sở I","07:30:00 7/11/2026","11:25:00 7/11/2026",""
"124001851","Nguyễn Thị Thùy","Thứ 4","Chiều","English 5","[24EC111][24AI111]","Lê Thị Hà","D401_Hybrid","Cơ sở II","12:50:00 11/11/2026","16:00:00 11/11/2026",""
"124001851","Nguyễn Thị Thùy","Thứ 4","Chiều","English 5","[24EC111][24AI111]","Lê Thị Hà","D401_Hybrid","Cơ sở II","12:50:00 18/11/2026","16:00:00 18/11/2026",""
"124001851","Nguyễn Thị Thùy","Thứ 4","Chiều","English 5","[24EC111][24AI111]","Lê Thị Hà","D401_Hybrid","Cơ sở II","12:50:00 25/11/2026","16:00:00 25/11/2026",""
"124000354","Phan Công Thịnh","Thứ 4","Chiều","Điều khiển bằng máy tính","[24TD111][24JT111]","Lê Tiến Lộc","C403_PM08","Cơ sở I","12:50:00 7/10/2026","16:45:00 7/10/2026",""
"124000354","Phan Công Thịnh","Thứ 5","Sáng","Robot công nghiệp ","[24TD111][24JT111]","Lê Hoàng Anh","I209_Hop","Cơ sở VI","07:30:00 8/10/2026","10:40:00 8/10/2026",""
"124000354","Phan Công Thịnh","Thứ 5","Chiều","Mạng truyền dữ liệu số","[24TD111][24JT111]","Trần Trọng Đức","Học Online","Online","12:50:00 8/10/2026","16:45:00 8/10/2026",""
"124000354","Phan Công Thịnh","Thứ 6","Sáng","English 5","[24TD111]_NHÓM 2","Võ Thị Thanh Lan","D505","Cơ sở II","07:30:00 9/10/2026","10:40:00 9/10/2026",""
"124000354","Phan Công Thịnh","Thứ 7","Chiều","Thiết kế hệ thống nhúng","[24TD111][24JT111]","Lê Tiến Lộc","C403_PM08","Cơ sở I","12:50:00 10/10/2026","16:45:00 10/10/2026",""
"124000354","Phan Công Thịnh","Thứ 2","Chiều","Thị giác máy tính","[24TD111][24JT111]","Nguyễn Minh Phúc","C503_PM12","Cơ sở I","12:50:00 12/10/2026","16:45:00 12/10/2026",""
"124000354","Phan Công Thịnh","Thứ 4","Chiều","Điều khiển bằng máy tính","[24TD111][24JT111]","Lê Tiến Lộc","C404_PM09","Cơ sở I","12:50:00 14/10/2026","16:45:00 14/10/2026",""
"124000354","Phan Công Thịnh","Thứ 5","Sáng","Robot công nghiệp ","[24TD111][24JT111]","Lê Hoàng Anh","I209_Hop","Cơ sở VI","07:30:00 15/10/2026","10:40:00 15/10/2026",""
"124000354","Phan Công Thịnh","Thứ 5","Chiều","Mạng truyền dữ liệu số","[24TD111][24JT111]","Trần Trọng Đức","C404_PM09","Cơ sở I","12:50:00 15/10/2026","16:45:00 15/10/2026",""
"124000354","Phan Công Thịnh","Thứ 6","Sáng","English 5","[24TD111]_NHÓM 2","Võ Thị Thanh Lan","D505","Cơ sở II","07:30:00 16/10/2026","10:40:00 16/10/2026",""
"124000354","Phan Công Thịnh","Thứ 7","Chiều","Thiết kế hệ thống nhúng","[24TD111][24JT111]","Lê Tiến Lộc","C301_PM04","Cơ sở I","12:50:00 17/10/2026","16:45:00 17/10/2026",""
"124000354","Phan Công Thịnh","Thứ 4","Chiều","Điều khiển bằng máy tính","[24TD111][24JT111]","Lê Tiến Lộc","C404_PM09","Cơ sở I","12:50:00 21/10/2026","16:45:00 21/10/2026",""
"124000354","Phan Công Thịnh","Thứ 5","Sáng","Robot công nghiệp ","[24TD111][24JT111]","Lê Hoàng Anh","I209_Hop","Cơ sở VI","07:30:00 22/10/2026","10:40:00 22/10/2026",""
"124000354","Phan Công Thịnh","Thứ 5","Chiều","Mạng truyền dữ liệu số","[24TD111][24JT111]","Trần Trọng Đức","C404_PM09","Cơ sở I","12:50:00 22/10/2026","16:45:00 22/10/2026",""
"124000354","Phan Công Thịnh","Thứ 6","Sáng","English 5","[24TD111]_NHÓM 2","Võ Thị Thanh Lan","D505","Cơ sở II","07:30:00 23/10/2026","10:40:00 23/10/2026",""
"124000354","Phan Công Thịnh","Thứ 6","Chiều","Thị giác máy tính","[24TD111][24JT111]","Nguyễn Minh Phúc","Học Online","Online","16:00:00 23/10/2026","16:45:00 23/10/2026",""
"124000354","Phan Công Thịnh","Thứ 7","Chiều","English 5","[24TD111]_NHÓM 2","Võ Thị Thanh Lan","Học Online","Online","12:50:00 24/10/2026","16:00:00 24/10/2026",""
"124000354","Phan Công Thịnh","Thứ 2","Chiều","Thị giác máy tính","[24TD111][24JT111]","Nguyễn Minh Phúc","C503_PM12","Cơ sở I","12:50:00 26/10/2026","16:45:00 26/10/2026",""
"124000354","Phan Công Thịnh","Thứ 3","Chiều","Thị giác máy tính","[24TD111][24JT111]","Nguyễn Minh Phúc","C503_PM12","Cơ sở I","12:50:00 27/10/2026","16:45:00 27/10/2026",""
"124000354","Phan Công Thịnh","Thứ 5","Sáng","Robot công nghiệp ","[24TD111][24JT111]","Lê Hoàng Anh","I209_Hop","Cơ sở VI","07:30:00 29/10/2026","10:40:00 29/10/2026",""
"124000354","Phan Công Thịnh","Thứ 6","Sáng","English 5","[24TD111]_NHÓM 2","Võ Thị Thanh Lan","D505","Cơ sở II","07:30:00 30/10/2026","10:40:00 30/10/2026",""
"124000354","Phan Công Thịnh","Thứ 7","Chiều","Thiết kế hệ thống nhúng","[24TD111][24JT111]","Lê Tiến Lộc","Học Online","Online","12:50:00 31/10/2026","16:45:00 31/10/2026",""
"124000354","Phan Công Thịnh","Thứ 5","Sáng","Robot công nghiệp ","[24TD111][24JT111]","Lê Hoàng Anh","I209_Hop","Cơ sở VI","07:30:00 5/11/2026","10:40:00 5/11/2026",""
"124000354","Phan Công Thịnh","Thứ 6","Sáng","English 5","[24TD111]_NHÓM 2","Võ Thị Thanh Lan","D505","Cơ sở II","07:30:00 6/11/2026","10:40:00 6/11/2026",""
"124000354","Phan Công Thịnh","Thứ 6","Sáng","Sinh hoạt lớp","24TD111","Trần Văn Thành","D502","Cơ sở II","10:40:00 6/11/2026","11:25:00 6/11/2026",""
"124000354","Phan Công Thịnh","Thứ 2","Chiều","Thị giác máy tính","[24TD111][24JT111]","Nguyễn Minh Phúc","C503_PM12","Cơ sở I","12:50:00 9/11/2026","16:45:00 9/11/2026",""
"124000354","Phan Công Thịnh","Thứ 3","Chiều","Thị giác máy tính","[24TD111][24JT111]","Nguyễn Minh Phúc","C503_PM12","Cơ sở I","12:50:00 10/11/2026","16:45:00 10/11/2026",""
"124000354","Phan Công Thịnh","Thứ 5","Sáng","Robot công nghiệp ","[24TD111][24JT111]","Lê Hoàng Anh","I209_Hop","Cơ sở VI","07:30:00 12/11/2026","09:00:00 12/11/2026",""
"124000354","Phan Công Thịnh","Thứ 6","Sáng","English 5","[24TD111]_NHÓM 2","Võ Thị Thanh Lan","D505","Cơ sở II","07:30:00 13/11/2026","10:40:00 13/11/2026",""
"124000354","Phan Công Thịnh","Thứ 5","Sáng","Robot công nghiệp ","[24TD111][24JT111]","Lê Hoàng Anh","I209_Hop","Cơ sở VI","07:30:00 19/11/2026","10:40:00 19/11/2026",""
"124000354","Phan Công Thịnh","Thứ 6","Sáng","English 5","[24TD111]_NHÓM 2","Võ Thị Thanh Lan","D505","Cơ sở II","07:30:00 20/11/2026","10:40:00 20/11/2026",""
"124000354","Phan Công Thịnh","Thứ 2","Chiều","Thị giác máy tính","[24TD111][24JT111]","Nguyễn Minh Phúc","C503_PM12","Cơ sở I","12:50:00 23/11/2026","16:45:00 23/11/2026",""
"124000354","Phan Công Thịnh","Thứ 3","Chiều","Thị giác máy tính","[24TD111][24JT111]","Nguyễn Minh Phúc","C503_PM12","Cơ sở I","12:50:00 24/11/2026","16:45:00 24/11/2026",""
"124000354","Phan Công Thịnh","Thứ 5","Sáng","Robot công nghiệp ","[24TD111][24JT111]","Lê Hoàng Anh","I209_Hop","Cơ sở VI","07:30:00 26/11/2026","10:40:00 26/11/2026",""
"124000354","Phan Công Thịnh","Thứ 6","Sáng","English 5","[24TD111]_NHÓM 2","Võ Thị Thanh Lan","D505","Cơ sở II","07:30:00 27/11/2026","10:40:00 27/11/2026",""
"124000354","Phan Công Thịnh","Thứ 6","Sáng","Sinh hoạt lớp","24TD111","Trần Văn Thành","D502","Cơ sở II","10:40:00 27/11/2026","11:25:00 27/11/2026",""
"124000354","Phan Công Thịnh","Thứ 6","Chiều","Thị giác máy tính","[24TD111][24JT111]","Nguyễn Minh Phúc","Học Online","Online","12:50:00 27/11/2026","16:00:00 27/11/2026",""
"124001589","Nguyễn Hồng Hiệp","Thứ 2","Chiều","English 5","[24CD111]_NHÓM 1","Võ Thị Thanh Lan","Học Online","Online","12:50:00 5/10/2026","16:00:00 5/10/2026",""
"124001589","Nguyễn Hồng Hiệp","Thứ 2","Chiều","Sinh hoạt lớp","24CD111","Nguyễn Thiện Tài","D502","Cơ sở II","16:00:00 5/10/2026","16:45:00 5/10/2026",""
"124001589","Nguyễn Hồng Hiệp","Thứ 3","Chiều","Thực tập Vi điều khiển","[24CD111][24JC111]_NHÓM 2","Ngô Kim Long","I507_VDK","Cơ sở VI","12:50:00 6/10/2026","16:45:00 6/10/2026",""
"124001589","Nguyễn Hồng Hiệp","Thứ 4","Sáng","Vi điều khiển","[24CD111][24JC111]","Ngô Kim Long","C301_PM04","Cơ sở I","07:30:00 7/10/2026","11:25:00 7/10/2026",""
"124001589","Nguyễn Hồng Hiệp","Thứ 6","Sáng","Robot công nghiệp ","[24CD111][24JC111]","Huỳnh Tuấn Tú","G405","Cơ sở V","07:30:00 9/10/2026","11:25:00 9/10/2026",""
"124001589","Nguyễn Hồng Hiệp","Thứ 7","Chiều","Kỹ thuật lập trình PLC","[24CD111][24JC111]-NHÓM 2","Nguyễn Hữu Hưng","C503_PM12","Cơ sở I","12:50:00 10/10/2026","16:45:00 10/10/2026",""
"124001589","Nguyễn Hồng Hiệp","Thứ 2","Chiều","English 5","[24CD111]_NHÓM 1","Võ Thị Thanh Lan","D502","Cơ sở II","12:50:00 12/10/2026","16:00:00 12/10/2026",""
"124001589","Nguyễn Hồng Hiệp","Thứ 4","Sáng","Vi điều khiển","[24CD111][24JC111]","Ngô Kim Long","C301_PM04","Cơ sở I","07:30:00 14/10/2026","11:25:00 14/10/2026",""
"124001589","Nguyễn Hồng Hiệp","Thứ 2","Chiều","English 5","[24CD111]_NHÓM 1","Võ Thị Thanh Lan","D502","Cơ sở II","12:50:00 19/10/2026","16:00:00 19/10/2026",""
"124001589","Nguyễn Hồng Hiệp","Thứ 3","Chiều","Thực tập Vi điều khiển","[24CD111][24JC111]_NHÓM 2","Ngô Kim Long","I507_VDK","Cơ sở VI","12:50:00 20/10/2026","16:45:00 20/10/2026",""
"124001589","Nguyễn Hồng Hiệp","Thứ 4","Sáng","Vi điều khiển","[24CD111][24JC111]","Ngô Kim Long","C301_PM04","Cơ sở I","07:30:00 21/10/2026","11:25:00 21/10/2026",""
"124001589","Nguyễn Hồng Hiệp","Thứ 7","Chiều","Kỹ thuật lập trình PLC","[24CD111][24JC111]-NHÓM 2","Nguyễn Hữu Hưng","C503_PM12","Cơ sở I","12:50:00 24/10/2026","16:45:00 24/10/2026",""
"124001589","Nguyễn Hồng Hiệp","Thứ 2","Chiều","English 5","[24CD111]_NHÓM 1","Võ Thị Thanh Lan","D502","Cơ sở II","12:50:00 26/10/2026","16:00:00 26/10/2026",""
"124001589","Nguyễn Hồng Hiệp","Thứ 3","Chiều","Thực tập Vi điều khiển","[24CD111][24JC111]_NHÓM 2","Ngô Kim Long","I507_VDK","Cơ sở VI","12:50:00 27/10/2026","16:45:00 27/10/2026",""
"124001589","Nguyễn Hồng Hiệp","Thứ 4","Sáng","Vi điều khiển","[24CD111][24JC111]","Ngô Kim Long","C301_PM04","Cơ sở I","07:30:00 28/10/2026","11:25:00 28/10/2026",""
"124001589","Nguyễn Hồng Hiệp","Thứ 5","Sáng","Kỹ thuật lập trình PLC","[24CD111][24JC111]-NHÓM 2","Nguyễn Hữu Hưng","C503_PM12","Cơ sở I","07:30:00 29/10/2026","11:25:00 29/10/2026",""
"124001589","Nguyễn Hồng Hiệp","Thứ 7","Chiều","Kỹ thuật lập trình PLC","[24CD111][24JC111]-NHÓM 2","Nguyễn Hữu Hưng","C503_PM12","Cơ sở I","12:50:00 31/10/2026","16:45:00 31/10/2026",""
"124001589","Nguyễn Hồng Hiệp","Thứ 2","Chiều","English 5","[24CD111]_NHÓM 1","Võ Thị Thanh Lan","D502","Cơ sở II","12:50:00 2/11/2026","16:00:00 2/11/2026",""
"124001589","Nguyễn Hồng Hiệp","Thứ 2","Chiều","Sinh hoạt lớp","24CD111","Nguyễn Thiện Tài","D502","Cơ sở II","16:00:00 2/11/2026","16:45:00 2/11/2026",""
"124001589","Nguyễn Hồng Hiệp","Thứ 3","Chiều","Thực tập Vi điều khiển","[24CD111][24JC111]_NHÓM 2","Ngô Kim Long","I507_VDK","Cơ sở VI","12:50:00 3/11/2026","16:45:00 3/11/2026",""
"124001589","Nguyễn Hồng Hiệp","Thứ 4","Sáng","Vi điều khiển","[24CD111][24JC111]","Ngô Kim Long","C301_PM04","Cơ sở I","07:30:00 4/11/2026","11:25:00 4/11/2026",""
"124001589","Nguyễn Hồng Hiệp","Thứ 5","Sáng","Kỹ thuật lập trình PLC","[24CD111][24JC111]-NHÓM 2","Nguyễn Hữu Hưng","C503_PM12","Cơ sở I","07:30:00 5/11/2026","11:25:00 5/11/2026",""
"124001589","Nguyễn Hồng Hiệp","Thứ 7","Chiều","Kỹ thuật lập trình PLC","[24CD111][24JC111]-NHÓM 2","Nguyễn Hữu Hưng","C503_PM12","Cơ sở I","12:50:00 7/11/2026","16:45:00 7/11/2026",""
"124001589","Nguyễn Hồng Hiệp","Thứ 2","Chiều","English 5","[24CD111]_NHÓM 1","Võ Thị Thanh Lan","D502","Cơ sở II","12:50:00 9/11/2026","16:00:00 9/11/2026",""
"124001589","Nguyễn Hồng Hiệp","Thứ 3","Chiều","Thực tập Vi điều khiển","[24CD111][24JC111]_NHÓM 2","Ngô Kim Long","I507_VDK","Cơ sở VI","12:50:00 10/11/2026","16:45:00 10/11/2026",""
"124001589","Nguyễn Hồng Hiệp","Thứ 4","Sáng","Vi điều khiển","[24CD111][24JC111]","Ngô Kim Long","C301_PM04","Cơ sở I","07:30:00 11/11/2026","11:25:00 11/11/2026",""
"124001589","Nguyễn Hồng Hiệp","Thứ 5","Sáng","Kỹ thuật lập trình PLC","[24CD111][24JC111]-NHÓM 2","Nguyễn Hữu Hưng","C503_PM12","Cơ sở I","07:30:00 12/11/2026","11:25:00 12/11/2026",""
"124001589","Nguyễn Hồng Hiệp","Thứ 2","Chiều","English 5","[24CD111]_NHÓM 1","Võ Thị Thanh Lan","D502","Cơ sở II","12:50:00 16/11/2026","16:00:00 16/11/2026",""
"124001589","Nguyễn Hồng Hiệp","Thứ 3","Chiều","Thực tập Vi điều khiển","[24CD111][24JC111]_NHÓM 2","Ngô Kim Long","I507_VDK","Cơ sở VI","12:50:00 17/11/2026","16:45:00 17/11/2026",""
"124001589","Nguyễn Hồng Hiệp","Thứ 5","Sáng","Kỹ thuật lập trình PLC","[24CD111][24JC111]-NHÓM 2","Nguyễn Hữu Hưng","C503_PM12","Cơ sở I","07:30:00 19/11/2026","11:25:00 19/11/2026",""
"124001589","Nguyễn Hồng Hiệp","Thứ 2","Chiều","English 5","[24CD111]_NHÓM 1","Võ Thị Thanh Lan","D502","Cơ sở II","12:50:00 23/11/2026","16:00:00 23/11/2026",""
"124001589","Nguyễn Hồng Hiệp","Thứ 3","Chiều","Thực tập Vi điều khiển","[24CD111][24JC111]_NHÓM 2","Ngô Kim Long","I507_VDK","Cơ sở VI","12:50:00 24/11/2026","16:45:00 24/11/2026",""
"124001589","Nguyễn Hồng Hiệp","Thứ 5","Sáng","Kỹ thuật lập trình PLC","[24CD111][24JC111]-NHÓM 2","Nguyễn Hữu Hưng","C503_PM12","Cơ sở I","07:30:00 26/11/2026","11:25:00 26/11/2026",""
"125000568","Phan Quốc Bảo","Thứ 2","Sáng","Thực tập Kỹ thuật Hàn","[25CK111]_NHÓM 1","Nguyễn Thiện Tài","I311_CKTQ","Cơ sở VI","07:30:00 5/10/2026","11:25:00 5/10/2026",""
"125000568","Phan Quốc Bảo","Thứ 2","Chiều","An toàn","25AT10","Ninh Thị Thúy","I309_3S5S","Cơ sở VI","12:50:00 5/10/2026","16:00:00 5/10/2026",""
"125000568","Phan Quốc Bảo","Thứ 3","Chiều","Cơ kỹ thuật","[25CK111]","Nguyễn Ngọc Minh","G505","Cơ sở V","12:50:00 6/10/2026","16:00:00 6/10/2026",""
"125000568","Phan Quốc Bảo","Thứ 4","Sáng","Ngoại ngữ 3","[25CK111]","Phạm Hồng Thái","Học Online","Online","07:30:00 7/10/2026","10:40:00 7/10/2026",""
"125000568","Phan Quốc Bảo","Thứ 4","Sáng","Ngoại ngữ 3","[25CK111]","Phạm Hồng Thái","Học Online","Online","10:40:00 7/10/2026","11:25:00 7/10/2026",""
"125000568","Phan Quốc Bảo","Thứ 4","Chiều","Công nghệ Khí nén - Thủy lực","[25CK111]-NHÓM 1","Nguyễn Thiện Tài","G507","Cơ sở V","12:50:00 7/10/2026","16:45:00 7/10/2026",""
"125000568","Phan Quốc Bảo","Thứ 5","Chiều","Công nghệ Khí nén - Thủy lực","[25CK111]-NHÓM 1","Nguyễn Thiện Tài","I501_ATLab","Cơ sở VI","12:50:00 8/10/2026","16:00:00 8/10/2026",""
"125000568","Phan Quốc Bảo","Thứ 5","Chiều","Công nghệ Khí nén - Thủy lực","[25CK111]-NHÓM 1","Nguyễn Thiện Tài","I501_ATLab","Cơ sở VI","16:00:00 8/10/2026","16:45:00 8/10/2026",""
"125000568","Phan Quốc Bảo","Thứ 6","Sáng","Nguyên lý - Chi tiết máy","[25CK111]","Văn Hữu Thịnh","G506","Cơ sở V","07:30:00 9/10/2026","10:40:00 9/10/2026",""
"125000568","Phan Quốc Bảo","Thứ 7","Sáng","Thực tập Kỹ thuật Đo lường - Cảm biến","[25CK111]_NHÓM 1","Ngô Văn Bình","I307_DLCB","Cơ sở VI","07:30:00 10/10/2026","11:25:00 10/10/2026",""
"125000568","Phan Quốc Bảo","Thứ 7","Chiều","Công nghệ kim loại","[25CK111]","Phạm Quốc Cường","G403","Cơ sở V","12:50:00 10/10/2026","16:45:00 10/10/2026",""
"125000568","Phan Quốc Bảo","Thứ 2","Chiều","An toàn","25AT10","Ninh Thị Thúy","I309_3S5S","Cơ sở VI","12:50:00 12/10/2026","16:00:00 12/10/2026",""
"125000568","Phan Quốc Bảo","Thứ 4","Sáng","Ngoại ngữ 3","[25CK111]","Phạm Hồng Thái","G306","Cơ sở V","07:30:00 14/10/2026","10:40:00 14/10/2026",""
"125000568","Phan Quốc Bảo","Thứ 6","Sáng","Nguyên lý - Chi tiết máy","[25CK111]","Văn Hữu Thịnh","G506","Cơ sở V","07:30:00 16/10/2026","10:40:00 16/10/2026",""
"125000568","Phan Quốc Bảo","Thứ 7","Chiều","Công nghệ kim loại","[25CK111]","Phạm Quốc Cường","G403","Cơ sở V","12:50:00 17/10/2026","16:45:00 17/10/2026",""
"125000568","Phan Quốc Bảo","Thứ 3","Chiều","Cơ kỹ thuật","[25CK111]","Nguyễn Ngọc Minh","G505","Cơ sở V","12:50:00 20/10/2026","16:00:00 20/10/2026",""
"125000568","Phan Quốc Bảo","Thứ 4","Sáng","Ngoại ngữ 3","[25CK111]","Phạm Hồng Thái","G306","Cơ sở V","07:30:00 21/10/2026","10:40:00 21/10/2026",""
"125000568","Phan Quốc Bảo","Thứ 4","Sáng","Sinh hoạt lớp","25CK111","La Khải Khải","G306","Cơ sở V","10:40:00 21/10/2026","11:25:00 21/10/2026",""
"125000568","Phan Quốc Bảo","Thứ 5","Sáng","Thực tập Kỹ thuật Hàn","[25CK111]_NHÓM 1","Nguyễn Thiện Tài","I311_CKTQ","Cơ sở VI","07:30:00 22/10/2026","11:25:00 22/10/2026",""
"125000568","Phan Quốc Bảo","Thứ 6","Sáng","Nguyên lý - Chi tiết máy","[25CK111]","Văn Hữu Thịnh","G506","Cơ sở V","07:30:00 23/10/2026","10:40:00 23/10/2026",""
"125000568","Phan Quốc Bảo","Thứ 7","Chiều","Công nghệ kim loại","[25CK111]","Phạm Quốc Cường","G403","Cơ sở V","12:50:00 24/10/2026","16:45:00 24/10/2026",""
"125000568","Phan Quốc Bảo","Thứ 3","Chiều","Cơ kỹ thuật","[25CK111]","Nguyễn Ngọc Minh","G505","Cơ sở V","12:50:00 27/10/2026","16:00:00 27/10/2026",""
"125000568","Phan Quốc Bảo","Thứ 4","Chiều","Công nghệ Khí nén - Thủy lực","[25CK111]-NHÓM 1","Nguyễn Thiện Tài","G503","Cơ sở V","12:50:00 28/10/2026","16:00:00 28/10/2026",""
"125000568","Phan Quốc Bảo","Thứ 6","Sáng","Nguyên lý - Chi tiết máy","[25CK111]","Văn Hữu Thịnh","G506","Cơ sở V","07:30:00 30/10/2026","10:40:00 30/10/2026",""
"125000568","Phan Quốc Bảo","Thứ 7","Chiều","Công nghệ kim loại","[25CK111]","Phạm Quốc Cường","G403","Cơ sở V","12:50:00 31/10/2026","16:45:00 31/10/2026",""
"125000568","Phan Quốc Bảo","Thứ 3","Chiều","Cơ kỹ thuật","[25CK111]","Nguyễn Ngọc Minh","Học Online","Online","12:50:00 3/11/2026","16:00:00 3/11/2026",""
"125000568","Phan Quốc Bảo","Thứ 6","Sáng","Nguyên lý - Chi tiết máy","[25CK111]","Văn Hữu Thịnh","G506","Cơ sở V","07:30:00 6/11/2026","10:40:00 6/11/2026",""
"125000568","Phan Quốc Bảo","Thứ 7","Chiều","Công nghệ kim loại","[25CK111]","Phạm Quốc Cường","G403","Cơ sở V","12:50:00 7/11/2026","16:45:00 7/11/2026",""
"125000568","Phan Quốc Bảo","Thứ 6","Sáng","Nguyên lý - Chi tiết máy","[25CK111]","Văn Hữu Thịnh","G506","Cơ sở V","07:30:00 13/11/2026","10:40:00 13/11/2026",""
"125000568","Phan Quốc Bảo","Thứ 7","Chiều","Công nghệ kim loại","[25CK111]","Phạm Quốc Cường","G403","Cơ sở V","12:50:00 14/11/2026","16:45:00 14/11/2026",""
"125000568","Phan Quốc Bảo","Thứ 5","Sáng","Thực tập Kỹ thuật Hàn","[25CK111]_NHÓM 1","Nguyễn Thiện Tài","I311_CKTQ","Cơ sở VI","07:30:00 19/11/2026","11:25:00 19/11/2026",""
"125000568","Phan Quốc Bảo","Thứ 6","Sáng","Nguyên lý - Chi tiết máy","[25CK111]","Văn Hữu Thịnh","G506","Cơ sở V","07:30:00 20/11/2026","10:40:00 20/11/2026",""
"125002381","Cao Thế Phi","Thứ 2","Chiều","Ngoại ngữ 3","[25OT112]_NHÓM 1","Lý Tuấn Phú","Học Online","Online","12:50:00 5/10/2026","16:00:00 5/10/2026",""
"125002381","Cao Thế Phi","Thứ 2","Chiều","Sinh hoạt lớp","25OT112","Trương Quốc Khánh","G405","Cơ sở V","16:00:00 5/10/2026","16:45:00 5/10/2026",""
"125002381","Cao Thế Phi","Thứ 4","Chiều","Thực tập động cơ đốt trong","[25OT112]_NHÓM 2","Trương Quốc Khánh","E109_KG02","Cơ sở III","12:50:00 7/10/2026","16:45:00 7/10/2026",""
"125002381","Cao Thế Phi","Thứ 6","Sáng","Kỹ thuật điện - Điện tử","[25OT112]-NHÓM 2","Nguyễn Hoàng Huy","Học Online","Online","07:30:00 9/10/2026","11:25:00 9/10/2026",""
"125002381","Cao Thế Phi","Thứ 7","Sáng","Lý thuyết Ô tô","[25OT112]","Nguyễn Hoàng Luân","G405","Cơ sở V","07:30:00 10/10/2026","11:25:00 10/10/2026",""
"125002381","Cao Thế Phi","Thứ 7","Chiều","Nguyên lý - Chi tiết máy","[25OT112]","Lê Văn Tấn","G404","Cơ sở V","12:50:00 10/10/2026","16:45:00 10/10/2026",""
"125002381","Cao Thế Phi","Thứ 2","Chiều","Ngoại ngữ 3","[25OT112]_NHÓM 1","Lý Tuấn Phú","G407","Cơ sở V","12:50:00 12/10/2026","16:00:00 12/10/2026",""
"125002381","Cao Thế Phi","Thứ 4","Chiều","Thực tập động cơ đốt trong","[25OT112]_NHÓM 2","Trương Quốc Khánh","E109_KG02","Cơ sở III","12:50:00 14/10/2026","16:45:00 14/10/2026",""
"125002381","Cao Thế Phi","Thứ 7","Sáng","Lý thuyết Ô tô","[25OT112]","Nguyễn Hoàng Luân","G405","Cơ sở V","07:30:00 17/10/2026","11:25:00 17/10/2026",""
"125002381","Cao Thế Phi","Thứ 7","Chiều","Nguyên lý - Chi tiết máy","[25OT112]","Lê Văn Tấn","G404","Cơ sở V","12:50:00 17/10/2026","16:45:00 17/10/2026",""
"125002381","Cao Thế Phi","Thứ 2","Chiều","Ngoại ngữ 3","[25OT112]_NHÓM 1","Lý Tuấn Phú","G407","Cơ sở V","12:50:00 19/10/2026","16:00:00 19/10/2026",""
"125002381","Cao Thế Phi","Thứ 4","Chiều","Thực tập động cơ đốt trong","[25OT112]_NHÓM 2","Trương Quốc Khánh","E109_KG02","Cơ sở III","12:50:00 21/10/2026","16:45:00 21/10/2026",""
"125002381","Cao Thế Phi","Thứ 7","Chiều","Nguyên lý - Chi tiết máy","[25OT112]","Lê Văn Tấn","G404","Cơ sở V","12:50:00 24/10/2026","16:45:00 24/10/2026",""
"125002381","Cao Thế Phi","Thứ 2","Chiều","Sinh hoạt lớp","25OT112","Trương Quốc Khánh","G405","Cơ sở V","16:00:00 26/10/2026","16:45:00 26/10/2026",""
"125002381","Cao Thế Phi","Thứ 4","Chiều","Thực tập động cơ đốt trong","[25OT112]_NHÓM 2","Trương Quốc Khánh","E109_KG02","Cơ sở III","12:50:00 28/10/2026","16:45:00 28/10/2026",""
"125002381","Cao Thế Phi","Thứ 7","Chiều","Nguyên lý - Chi tiết máy","[25OT112]","Lê Văn Tấn","G404","Cơ sở V","12:50:00 31/10/2026","16:45:00 31/10/2026",""
"125002381","Cao Thế Phi","Thứ 4","Chiều","Thực tập động cơ đốt trong","[25OT112]_NHÓM 2","Trương Quốc Khánh","E109_KG02","Cơ sở III","12:50:00 4/11/2026","16:45:00 4/11/2026",""
"125002381","Cao Thế Phi","Thứ 4","Chiều","Thực tập động cơ đốt trong","[25OT112]_NHÓM 2","Trương Quốc Khánh","E109_KG02","Cơ sở III","12:50:00 11/11/2026","16:45:00 11/11/2026",""
"125002381","Cao Thế Phi","Thứ 4","Chiều","Thực tập động cơ đốt trong","[25OT112]_NHÓM 2","Trương Quốc Khánh","E109_KG02","Cơ sở III","12:50:00 18/11/2026","16:45:00 18/11/2026",""
"125002381","Cao Thế Phi","Thứ 4","Chiều","Thực tập động cơ đốt trong","[25OT112]_NHÓM 2","Trương Quốc Khánh","E109_KG02","Cơ sở III","12:50:00 25/11/2026","16:45:00 25/11/2026",""
"123000651","Cao Thanh Nghĩa","Thứ 2","Sáng","English 6 {CĐĐT 2020}","[23OT112]","Đoàn Trần Hoàng Dung","D502","Cơ sở II","07:30:00 5/10/2026","10:40:00 5/10/2026",""
"123000651","Cao Thanh Nghĩa","Thứ 2","Sáng","Sinh hoạt lớp","23OT112","Nguyễn Công Quý","D502","Cơ sở II","10:40:00 5/10/2026","11:25:00 5/10/2026",""
"123000651","Cao Thanh Nghĩa","Thứ 4","Tối","Kỹ năng viết CV (curriculum vitae) điện tử và trả ","23CVCD3","Lê Hoàng Anh","Học Online","Online","17:30:00 7/10/2026","20:40:00 7/10/2026",""
"123000651","Cao Thanh Nghĩa","Thứ 5","Sáng","Thực tập lập trình điều khiển ô tô","[23OT112]_NHÓM 1","Nguyễn Nho Phong Vũ","I507_VDK","Cơ sở VI","07:30:00 8/10/2026","11:25:00 8/10/2026",""
"123000651","Cao Thanh Nghĩa","Thứ 6","Sáng","Thực tập lập trình điều khiển ô tô","[23OT112]_NHÓM 1","Nguyễn Nho Phong Vũ","I507_VDK","Cơ sở VI","07:30:00 9/10/2026","10:40:00 9/10/2026",""
"123000651","Cao Thanh Nghĩa","Thứ 7","Sáng","Quản lý dịch vụ ô tô ","[23OT112]","Ninh Thị Thúy","G503","Cơ sở V","07:30:00 10/10/2026","11:25:00 10/10/2026",""
"123000651","Cao Thanh Nghĩa","Thứ 7","Chiều","Thực tập Chẩn đoán trên ô tô  ","[23OT112]_NHÓM 1","Phạm Công Sơn","I109_CTXE","Cơ sở VI","12:50:00 10/10/2026","16:45:00 10/10/2026",""
"123000651","Cao Thanh Nghĩa","Thứ 4","Tối","Kỹ năng viết CV (curriculum vitae) điện tử và trả ","23CVCD3","Lê Hoàng Anh","Học Online","Online","17:30:00 14/10/2026","20:40:00 14/10/2026",""
"123000651","Cao Thanh Nghĩa","Thứ 6","Chiều","Đồ án công nghệ","[23OT112]","Nguyễn Văn Trung","Học Online","Online","12:50:00 16/10/2026","16:45:00 16/10/2026",""
"123000651","Cao Thanh Nghĩa","Thứ 4","Tối","Kỹ năng viết CV (curriculum vitae) điện tử và trả ","23CVCD3","Lê Hoàng Anh","Học Online","Online","17:30:00 21/10/2026","20:40:00 21/10/2026",""
"123000651","Cao Thanh Nghĩa","Thứ 6","Chiều","Đồ án công nghệ","[23OT112]","Nguyễn Văn Trung","Học Online","Online","12:50:00 23/10/2026","16:45:00 23/10/2026",""
"123000651","Cao Thanh Nghĩa","Thứ 2","Sáng","Sinh hoạt lớp","23OT112","Nguyễn Công Quý","D502","Cơ sở II","10:40:00 26/10/2026","11:25:00 26/10/2026",""
"123000651","Cao Thanh Nghĩa","Thứ 6","Chiều","Đồ án công nghệ","[23OT112]","Nguyễn Văn Trung","Học Online","Online","12:50:00 30/10/2026","16:45:00 30/10/2026",""
"123000651","Cao Thanh Nghĩa","Thứ 6","Chiều","Đồ án công nghệ","[23OT112]","Nguyễn Văn Trung","Học Online","Online","12:50:00 6/11/2026","16:45:00 6/11/2026",""
"123000651","Cao Thanh Nghĩa","Thứ 6","Chiều","Đồ án công nghệ","[23OT112]","Nguyễn Văn Trung","Học Online","Online","12:50:00 13/11/2026","16:45:00 13/11/2026",""
"123000651","Cao Thanh Nghĩa","Thứ 6","Chiều","Đồ án công nghệ","[23OT112]","Nguyễn Văn Trung","Học Online","Online","12:50:00 20/11/2026","16:45:00 20/11/2026",""
"125001648","Nguyễn Thanh Tiến","Thứ 2","Chiều","Kỹ thuật số","[25TD112]","Nguyễn Viết Tuấn","G504","Cơ sở V","12:50:00 5/10/2026","16:00:00 5/10/2026",""
"125001648","Nguyễn Thanh Tiến","Thứ 3","Chiều","Thực tập kỹ thuật lập trình PLC","[25TD112]_NHÓM 3","Nguyễn Hữu Hưng","I207_PLC","Cơ sở VI","12:50:00 6/10/2026","16:45:00 6/10/2026",""
"125001648","Nguyễn Thanh Tiến","Thứ 4","Chiều","Bảo trì công nghiệp","[25TD112]","Nguyễn Minh Châu","G506","Cơ sở V","12:50:00 7/10/2026","16:00:00 7/10/2026",""
"125001648","Nguyễn Thanh Tiến","Thứ 5","Sáng","Kỹ thuật lập trình PLC","[25TD112]","Trần Văn Thành","C301_PM04","Cơ sở I","07:30:00 8/10/2026","11:25:00 8/10/2026",""
"125001648","Nguyễn Thanh Tiến","Thứ 6","Sáng","Ngoại ngữ 3","[25TD111][25TD112]_NHÓM 2","Phạm Thanh Bình","G507","Cơ sở V","07:30:00 9/10/2026","10:40:00 9/10/2026",""
"125001648","Nguyễn Thanh Tiến","Thứ 6","Chiều","CAD trong thiết kế tủ điện","[25TD112]-NHÓM 1","Lê Duy Khánh","C503_PM12","Cơ sở I","12:50:00 9/10/2026","16:45:00 9/10/2026",""
"125001648","Nguyễn Thanh Tiến","Thứ 7","Sáng","Nguyên lý - Chi tiết máy","[25TD112]","Nguyễn Duy Phú","G506","Cơ sở V","07:30:00 10/10/2026","11:25:00 10/10/2026",""
"125001648","Nguyễn Thanh Tiến","Thứ 7","Chiều","Hệ thống điều khiển tự động","[25TD112]","Huỳnh Tuấn Tú","G503","Cơ sở V","12:50:00 10/10/2026","16:45:00 10/10/2026",""
"125001648","Nguyễn Thanh Tiến","Thứ 2","Chiều","Kỹ thuật số","[25TD112]","Nguyễn Viết Tuấn","G504","Cơ sở V","12:50:00 12/10/2026","16:00:00 12/10/2026",""
"125001648","Nguyễn Thanh Tiến","Thứ 4","Chiều","Bảo trì công nghiệp","[25TD112]","Nguyễn Minh Châu","G506","Cơ sở V","12:50:00 14/10/2026","16:00:00 14/10/2026",""
"125001648","Nguyễn Thanh Tiến","Thứ 5","Sáng","Kỹ thuật lập trình PLC","[25TD112]","Trần Văn Thành","C301_PM04","Cơ sở I","07:30:00 15/10/2026","11:25:00 15/10/2026",""
"125001648","Nguyễn Thanh Tiến","Thứ 6","Sáng","Ngoại ngữ 3","[25TD111][25TD112]_NHÓM 2","Phạm Thanh Bình","G507","Cơ sở V","07:30:00 16/10/2026","10:40:00 16/10/2026",""
"125001648","Nguyễn Thanh Tiến","Thứ 6","Chiều","CAD trong thiết kế tủ điện","[25TD112]-NHÓM 1","Lê Duy Khánh","C503_PM12","Cơ sở I","12:50:00 16/10/2026","16:45:00 16/10/2026",""
"125001648","Nguyễn Thanh Tiến","Thứ 7","Sáng","Nguyên lý - Chi tiết máy","[25TD112]","Nguyễn Duy Phú","G506","Cơ sở V","07:30:00 17/10/2026","11:25:00 17/10/2026",""
"125001648","Nguyễn Thanh Tiến","Thứ 7","Chiều","CAD trong thiết kế tủ điện","[25TD112]-NHÓM 1","Lê Duy Khánh","C503_PM12","Cơ sở I","12:50:00 17/10/2026","16:45:00 17/10/2026",""
"125001648","Nguyễn Thanh Tiến","Thứ 2","Chiều","Kỹ thuật số","[25TD112]","Nguyễn Viết Tuấn","G504","Cơ sở V","12:50:00 19/10/2026","16:00:00 19/10/2026",""
"125001648","Nguyễn Thanh Tiến","Thứ 3","Chiều","Thực tập kỹ thuật lập trình PLC","[25TD112]_NHÓM 3","Nguyễn Hữu Hưng","I207_PLC","Cơ sở VI","12:50:00 20/10/2026","16:45:00 20/10/2026",""
"125001648","Nguyễn Thanh Tiến","Thứ 4","Chiều","Bảo trì công nghiệp","[25TD112]","Nguyễn Minh Châu","G506","Cơ sở V","12:50:00 21/10/2026","16:00:00 21/10/2026",""
"125001648","Nguyễn Thanh Tiến","Thứ 5","Sáng","Kỹ thuật lập trình PLC","[25TD112]","Trần Văn Thành","C301_PM04","Cơ sở I","07:30:00 22/10/2026","11:25:00 22/10/2026",""
"125001648","Nguyễn Thanh Tiến","Thứ 5","Sáng","CAD trong thiết kế tủ điện","[25TD112]-NHÓM 1","Lê Duy Khánh","Học Online","Online","07:30:00 22/10/2026","11:25:00 22/10/2026",""
"125001648","Nguyễn Thanh Tiến","Thứ 6","Sáng","Ngoại ngữ 3","[25TD111][25TD112]_NHÓM 2","Phạm Thanh Bình","G507","Cơ sở V","07:30:00 23/10/2026","10:40:00 23/10/2026",""
"125001648","Nguyễn Thanh Tiến","Thứ 7","Sáng","Nguyên lý - Chi tiết máy","[25TD112]","Nguyễn Duy Phú","G506","Cơ sở V","07:30:00 24/10/2026","11:25:00 24/10/2026",""
"125001648","Nguyễn Thanh Tiến","Thứ 2","Chiều","Kỹ thuật số","[25TD112]","Nguyễn Viết Tuấn","G504","Cơ sở V","12:50:00 26/10/2026","16:00:00 26/10/2026",""
"125001648","Nguyễn Thanh Tiến","Thứ 4","Chiều","Bảo trì công nghiệp","[25TD112]","Nguyễn Minh Châu","G506","Cơ sở V","12:50:00 28/10/2026","14:20:00 28/10/2026",""
"125001648","Nguyễn Thanh Tiến","Thứ 5","Sáng","Kỹ thuật lập trình PLC","[25TD112]","Trần Văn Thành","C301_PM04","Cơ sở I","07:30:00 29/10/2026","11:25:00 29/10/2026",""
"125001648","Nguyễn Thanh Tiến","Thứ 6","Sáng","Ngoại ngữ 3","[25TD111][25TD112]_NHÓM 2","Phạm Thanh Bình","G507","Cơ sở V","07:30:00 30/10/2026","10:40:00 30/10/2026",""
"125001648","Nguyễn Thanh Tiến","Thứ 6","Sáng","Sinh hoạt lớp","25TD112","Ngô Kim Long","G306","Cơ sở V","10:40:00 30/10/2026","11:25:00 30/10/2026",""
"125001648","Nguyễn Thanh Tiến","Thứ 7","Sáng","Nguyên lý - Chi tiết máy","[25TD112]","Nguyễn Duy Phú","G506","Cơ sở V","07:30:00 31/10/2026","11:25:00 31/10/2026",""
"125001648","Nguyễn Thanh Tiến","Thứ 5","Sáng","Kỹ thuật lập trình PLC","[25TD112]","Trần Văn Thành","C301_PM04","Cơ sở I","07:30:00 5/11/2026","11:25:00 5/11/2026",""
"125001648","Nguyễn Thanh Tiến","Thứ 5","Sáng","Kỹ thuật lập trình PLC","[25TD112]","Trần Văn Thành","C301_PM04","Cơ sở I","07:30:00 12/11/2026","11:25:00 12/11/2026",""
"125001648","Nguyễn Thanh Tiến","Thứ 4","Sáng","Kỹ thuật lập trình PLC","[25TD112]","Trần Văn Thành","Học Online","Online","07:30:00 25/11/2026","11:25:00 25/11/2026",""
"125000372","Nguyễn Huỳnh Minh Thông","Thứ 2","Chiều","Kỹ thuật số","[25TD112]","Nguyễn Viết Tuấn","G504","Cơ sở V","12:50:00 5/10/2026","16:00:00 5/10/2026",""
"125000372","Nguyễn Huỳnh Minh Thông","Thứ 3","Chiều","Thực tập kỹ thuật lập trình PLC","[25TD112]_NHÓM 3","Nguyễn Hữu Hưng","I207_PLC","Cơ sở VI","12:50:00 6/10/2026","16:45:00 6/10/2026",""
"125000372","Nguyễn Huỳnh Minh Thông","Thứ 4","Chiều","Bảo trì công nghiệp","[25TD112]","Nguyễn Minh Châu","G506","Cơ sở V","12:50:00 7/10/2026","16:00:00 7/10/2026",""
"125000372","Nguyễn Huỳnh Minh Thông","Thứ 5","Sáng","Kỹ thuật lập trình PLC","[25TD112]","Trần Văn Thành","C301_PM04","Cơ sở I","07:30:00 8/10/2026","11:25:00 8/10/2026",""
"125000372","Nguyễn Huỳnh Minh Thông","Thứ 6","Sáng","Ngoại ngữ 3","[25TD111][25TD112]_NHÓM 2","Phạm Thanh Bình","G507","Cơ sở V","07:30:00 9/10/2026","10:40:00 9/10/2026",""
"125000372","Nguyễn Huỳnh Minh Thông","Thứ 6","Chiều","CAD trong thiết kế tủ điện","[25TD112]-NHÓM 1","Lê Duy Khánh","C503_PM12","Cơ sở I","12:50:00 9/10/2026","16:45:00 9/10/2026",""
"125000372","Nguyễn Huỳnh Minh Thông","Thứ 7","Sáng","Nguyên lý - Chi tiết máy","[25TD112]","Nguyễn Duy Phú","G506","Cơ sở V","07:30:00 10/10/2026","11:25:00 10/10/2026",""
"125000372","Nguyễn Huỳnh Minh Thông","Thứ 7","Chiều","Hệ thống điều khiển tự động","[25TD112]","Huỳnh Tuấn Tú","G503","Cơ sở V","12:50:00 10/10/2026","16:45:00 10/10/2026",""
"125000372","Nguyễn Huỳnh Minh Thông","Thứ 2","Chiều","Kỹ thuật số","[25TD112]","Nguyễn Viết Tuấn","G504","Cơ sở V","12:50:00 12/10/2026","16:00:00 12/10/2026",""
"125000372","Nguyễn Huỳnh Minh Thông","Thứ 4","Chiều","Bảo trì công nghiệp","[25TD112]","Nguyễn Minh Châu","G506","Cơ sở V","12:50:00 14/10/2026","16:00:00 14/10/2026",""
"125000372","Nguyễn Huỳnh Minh Thông","Thứ 5","Sáng","Kỹ thuật lập trình PLC","[25TD112]","Trần Văn Thành","C301_PM04","Cơ sở I","07:30:00 15/10/2026","11:25:00 15/10/2026",""
"125000372","Nguyễn Huỳnh Minh Thông","Thứ 6","Sáng","Ngoại ngữ 3","[25TD111][25TD112]_NHÓM 2","Phạm Thanh Bình","G507","Cơ sở V","07:30:00 16/10/2026","10:40:00 16/10/2026",""
"125000372","Nguyễn Huỳnh Minh Thông","Thứ 6","Chiều","CAD trong thiết kế tủ điện","[25TD112]-NHÓM 1","Lê Duy Khánh","C503_PM12","Cơ sở I","12:50:00 16/10/2026","16:45:00 16/10/2026",""
"125000372","Nguyễn Huỳnh Minh Thông","Thứ 7","Sáng","Nguyên lý - Chi tiết máy","[25TD112]","Nguyễn Duy Phú","G506","Cơ sở V","07:30:00 17/10/2026","11:25:00 17/10/2026",""
"125000372","Nguyễn Huỳnh Minh Thông","Thứ 7","Chiều","CAD trong thiết kế tủ điện","[25TD112]-NHÓM 1","Lê Duy Khánh","C503_PM12","Cơ sở I","12:50:00 17/10/2026","16:45:00 17/10/2026",""
"125000372","Nguyễn Huỳnh Minh Thông","Thứ 2","Chiều","Kỹ thuật số","[25TD112]","Nguyễn Viết Tuấn","G504","Cơ sở V","12:50:00 19/10/2026","16:00:00 19/10/2026",""
"125000372","Nguyễn Huỳnh Minh Thông","Thứ 3","Chiều","Thực tập kỹ thuật lập trình PLC","[25TD112]_NHÓM 3","Nguyễn Hữu Hưng","I207_PLC","Cơ sở VI","12:50:00 20/10/2026","16:45:00 20/10/2026",""
"125000372","Nguyễn Huỳnh Minh Thông","Thứ 4","Chiều","Bảo trì công nghiệp","[25TD112]","Nguyễn Minh Châu","G506","Cơ sở V","12:50:00 21/10/2026","16:00:00 21/10/2026",""
"125000372","Nguyễn Huỳnh Minh Thông","Thứ 5","Sáng","Kỹ thuật lập trình PLC","[25TD112]","Trần Văn Thành","C301_PM04","Cơ sở I","07:30:00 22/10/2026","11:25:00 22/10/2026",""
"125000372","Nguyễn Huỳnh Minh Thông","Thứ 5","Sáng","CAD trong thiết kế tủ điện","[25TD112]-NHÓM 1","Lê Duy Khánh","Học Online","Online","07:30:00 22/10/2026","11:25:00 22/10/2026",""
"125000372","Nguyễn Huỳnh Minh Thông","Thứ 6","Sáng","Ngoại ngữ 3","[25TD111][25TD112]_NHÓM 2","Phạm Thanh Bình","G507","Cơ sở V","07:30:00 23/10/2026","10:40:00 23/10/2026",""
"125000372","Nguyễn Huỳnh Minh Thông","Thứ 7","Sáng","Nguyên lý - Chi tiết máy","[25TD112]","Nguyễn Duy Phú","G506","Cơ sở V","07:30:00 24/10/2026","11:25:00 24/10/2026",""
"125000372","Nguyễn Huỳnh Minh Thông","Thứ 2","Chiều","Kỹ thuật số","[25TD112]","Nguyễn Viết Tuấn","G504","Cơ sở V","12:50:00 26/10/2026","16:00:00 26/10/2026",""
"125000372","Nguyễn Huỳnh Minh Thông","Thứ 4","Chiều","Bảo trì công nghiệp","[25TD112]","Nguyễn Minh Châu","G506","Cơ sở V","12:50:00 28/10/2026","14:20:00 28/10/2026",""
"125000372","Nguyễn Huỳnh Minh Thông","Thứ 5","Sáng","Kỹ thuật lập trình PLC","[25TD112]","Trần Văn Thành","C301_PM04","Cơ sở I","07:30:00 29/10/2026","11:25:00 29/10/2026",""
"125000372","Nguyễn Huỳnh Minh Thông","Thứ 6","Sáng","Ngoại ngữ 3","[25TD111][25TD112]_NHÓM 2","Phạm Thanh Bình","G507","Cơ sở V","07:30:00 30/10/2026","10:40:00 30/10/2026",""
"125000372","Nguyễn Huỳnh Minh Thông","Thứ 6","Sáng","Sinh hoạt lớp","25TD112","Ngô Kim Long","G306","Cơ sở V","10:40:00 30/10/2026","11:25:00 30/10/2026",""
"125000372","Nguyễn Huỳnh Minh Thông","Thứ 7","Sáng","Nguyên lý - Chi tiết máy","[25TD112]","Nguyễn Duy Phú","G506","Cơ sở V","07:30:00 31/10/2026","11:25:00 31/10/2026",""
"125000372","Nguyễn Huỳnh Minh Thông","Thứ 5","Sáng","Kỹ thuật lập trình PLC","[25TD112]","Trần Văn Thành","C301_PM04","Cơ sở I","07:30:00 5/11/2026","11:25:00 5/11/2026",""
"125000372","Nguyễn Huỳnh Minh Thông","Thứ 5","Sáng","Kỹ thuật lập trình PLC","[25TD112]","Trần Văn Thành","C301_PM04","Cơ sở I","07:30:00 12/11/2026","11:25:00 12/11/2026",""
"125000372","Nguyễn Huỳnh Minh Thông","Thứ 4","Sáng","Kỹ thuật lập trình PLC","[25TD112]","Trần Văn Thành","Học Online","Online","07:30:00 25/11/2026","11:25:00 25/11/2026",""
"123000722","Bùi Trần Thanh Sang","Thứ 2","Sáng","English 6 {CĐĐT 2020}","[23OT112]","Đoàn Trần Hoàng Dung","D502","Cơ sở II","07:30:00 5/10/2026","10:40:00 5/10/2026",""
"123000722","Bùi Trần Thanh Sang","Thứ 2","Sáng","Sinh hoạt lớp","23OT112","Nguyễn Công Quý","D502","Cơ sở II","10:40:00 5/10/2026","11:25:00 5/10/2026",""
"123000722","Bùi Trần Thanh Sang","Thứ 4","Tối","Kỹ năng viết CV (curriculum vitae) điện tử và trả ","23CVCD3","Lê Hoàng Anh","Học Online","Online","17:30:00 7/10/2026","20:40:00 7/10/2026",""
"123000722","Bùi Trần Thanh Sang","Thứ 6","Sáng","Thực tập Chẩn đoán trên ô tô  ","[23OT112]_NHÓM 2","Phạm Công Sơn","I109_CTXE","Cơ sở VI","07:30:00 9/10/2026","11:25:00 9/10/2026",""
"123000722","Bùi Trần Thanh Sang","Thứ 7","Sáng","Quản lý dịch vụ ô tô ","[23OT112]","Ninh Thị Thúy","G503","Cơ sở V","07:30:00 10/10/2026","11:25:00 10/10/2026",""
"123000722","Bùi Trần Thanh Sang","Thứ 7","Chiều","Thực tập lập trình điều khiển ô tô","[23OT112]_NHÓM 2","Nguyễn Nho Phong Vũ","I507_VDK","Cơ sở VI","12:50:00 10/10/2026","16:00:00 10/10/2026",""
"123000722","Bùi Trần Thanh Sang","Thứ 4","Tối","Kỹ năng viết CV (curriculum vitae) điện tử và trả ","23CVCD3","Lê Hoàng Anh","Học Online","Online","17:30:00 14/10/2026","20:40:00 14/10/2026",""
"123000722","Bùi Trần Thanh Sang","Thứ 6","Chiều","Đồ án công nghệ","[23OT112]","Nguyễn Văn Trung","Học Online","Online","12:50:00 16/10/2026","16:45:00 16/10/2026",""
"123000722","Bùi Trần Thanh Sang","Thứ 4","Tối","Kỹ năng viết CV (curriculum vitae) điện tử và trả ","23CVCD3","Lê Hoàng Anh","Học Online","Online","17:30:00 21/10/2026","20:40:00 21/10/2026",""
"123000722","Bùi Trần Thanh Sang","Thứ 6","Chiều","Đồ án công nghệ","[23OT112]","Nguyễn Văn Trung","Học Online","Online","12:50:00 23/10/2026","16:45:00 23/10/2026",""
"123000722","Bùi Trần Thanh Sang","Thứ 2","Sáng","Sinh hoạt lớp","23OT112","Nguyễn Công Quý","D502","Cơ sở II","10:40:00 26/10/2026","11:25:00 26/10/2026",""
"123000722","Bùi Trần Thanh Sang","Thứ 6","Chiều","Đồ án công nghệ","[23OT112]","Nguyễn Văn Trung","Học Online","Online","12:50:00 30/10/2026","16:45:00 30/10/2026",""
"123000722","Bùi Trần Thanh Sang","Thứ 6","Chiều","Đồ án công nghệ","[23OT112]","Nguyễn Văn Trung","Học Online","Online","12:50:00 6/11/2026","16:45:00 6/11/2026",""
"123000722","Bùi Trần Thanh Sang","Thứ 6","Chiều","Đồ án công nghệ","[23OT112]","Nguyễn Văn Trung","Học Online","Online","12:50:00 13/11/2026","16:45:00 13/11/2026",""
"123000722","Bùi Trần Thanh Sang","Thứ 6","Chiều","Đồ án công nghệ","[23OT112]","Nguyễn Văn Trung","Học Online","Online","12:50:00 20/11/2026","16:45:00 20/11/2026",""
"123001058","Nguyễn Khánh Hoà","Thứ 2","Sáng","Thiết kế hệ thống AI","[23TD111]","Huỳnh Tuấn Tú","C503_PM12","Cơ sở I","07:30:00 5/10/2026","11:25:00 5/10/2026",""
"123001058","Nguyễn Khánh Hoà","Thứ 3","Sáng","Kaizen - TPM","[23TD111]","Nguyễn Công Trứ","G306","Cơ sở V","07:30:00 6/10/2026","11:25:00 6/10/2026",""
"123001058","Nguyễn Khánh Hoà","Thứ 4","Sáng","Dữ liệu và phân tích dữ liệu","[23TD111]","Trần Văn Thành","C203_PM02","Cơ sở I","07:30:00 7/10/2026","11:25:00 7/10/2026",""
"123001058","Nguyễn Khánh Hoà","Thứ 5","Tối","Kỹ năng viết CV (curriculum vitae) điện tử và trả ","23CVCD4","Lê Hoàng Anh","Học Online","Online","17:30:00 8/10/2026","20:40:00 8/10/2026",""
"123001058","Nguyễn Khánh Hoà","Thứ 6","Sáng","Đồ án công nghệ","[23TD111]","Nguyễn Văn Trung","Học Online","Online","07:30:00 9/10/2026","11:25:00 9/10/2026",""
"123001058","Nguyễn Khánh Hoà","Thứ 7","Sáng","Kỹ thuật lập dự án","[23TD111]","Nguyễn Minh Thiện","G306","Cơ sở V","07:30:00 10/10/2026","11:25:00 10/10/2026",""
"123001058","Nguyễn Khánh Hoà","Thứ 7","Sáng","Sinh hoạt lớp","23TD111","Ngô Kim Long","G306","Cơ sở V","11:25:00 10/10/2026","12:10:00 10/10/2026",""
"123001058","Nguyễn Khánh Hoà","Thứ 2","Sáng","Thiết kế hệ thống AI","[23TD111]","Huỳnh Tuấn Tú","C503_PM12","Cơ sở I","07:30:00 12/10/2026","11:25:00 12/10/2026",""
"123001058","Nguyễn Khánh Hoà","Thứ 4","Sáng","Dữ liệu và phân tích dữ liệu","[23TD111]","Trần Văn Thành","C203_PM02","Cơ sở I","07:30:00 14/10/2026","11:25:00 14/10/2026",""
"123001058","Nguyễn Khánh Hoà","Thứ 5","Tối","Kỹ năng viết CV (curriculum vitae) điện tử và trả ","23CVCD4","Lê Hoàng Anh","Học Online","Online","17:30:00 15/10/2026","20:40:00 15/10/2026",""
"123001058","Nguyễn Khánh Hoà","Thứ 2","Sáng","Thiết kế hệ thống AI","[23TD111]","Huỳnh Tuấn Tú","C503_PM12","Cơ sở I","07:30:00 19/10/2026","11:25:00 19/10/2026",""
"123001058","Nguyễn Khánh Hoà","Thứ 4","Sáng","Dữ liệu và phân tích dữ liệu","[23TD111]","Trần Văn Thành","C203_PM02","Cơ sở I","07:30:00 21/10/2026","11:25:00 21/10/2026",""
"123001058","Nguyễn Khánh Hoà","Thứ 5","Tối","Kỹ năng viết CV (curriculum vitae) điện tử và trả ","23CVCD4","Lê Hoàng Anh","Học Online","Online","17:30:00 22/10/2026","20:40:00 22/10/2026",""
"123000185","Lê Văn Minh","Thứ 2","Sáng","Thiết kế hệ thống AI","[23TD111]","Huỳnh Tuấn Tú","C503_PM12","Cơ sở I","07:30:00 5/10/2026","11:25:00 5/10/2026",""
"123000185","Lê Văn Minh","Thứ 3","Sáng","Kaizen - TPM","[23TD111]","Nguyễn Công Trứ","G306","Cơ sở V","07:30:00 6/10/2026","11:25:00 6/10/2026",""
"123000185","Lê Văn Minh","Thứ 4","Sáng","Dữ liệu và phân tích dữ liệu","[23TD111]","Trần Văn Thành","C203_PM02","Cơ sở I","07:30:00 7/10/2026","11:25:00 7/10/2026",""
"123000185","Lê Văn Minh","Thứ 5","Tối","Kỹ năng viết CV (curriculum vitae) điện tử và trả ","23CVCD4","Lê Hoàng Anh","Học Online","Online","17:30:00 8/10/2026","20:40:00 8/10/2026",""
"123000185","Lê Văn Minh","Thứ 6","Sáng","Đồ án công nghệ","[23TD111]","Nguyễn Văn Trung","Học Online","Online","07:30:00 9/10/2026","11:25:00 9/10/2026",""
"123000185","Lê Văn Minh","Thứ 7","Sáng","Kỹ thuật lập dự án","[23TD111]","Nguyễn Minh Thiện","G306","Cơ sở V","07:30:00 10/10/2026","11:25:00 10/10/2026",""
"123000185","Lê Văn Minh","Thứ 7","Sáng","Sinh hoạt lớp","23TD111","Ngô Kim Long","G306","Cơ sở V","11:25:00 10/10/2026","12:10:00 10/10/2026",""
"123000185","Lê Văn Minh","Thứ 2","Sáng","Thiết kế hệ thống AI","[23TD111]","Huỳnh Tuấn Tú","C503_PM12","Cơ sở I","07:30:00 12/10/2026","11:25:00 12/10/2026",""
"123000185","Lê Văn Minh","Thứ 4","Sáng","Dữ liệu và phân tích dữ liệu","[23TD111]","Trần Văn Thành","C203_PM02","Cơ sở I","07:30:00 14/10/2026","11:25:00 14/10/2026",""
"123000185","Lê Văn Minh","Thứ 5","Tối","Kỹ năng viết CV (curriculum vitae) điện tử và trả ","23CVCD4","Lê Hoàng Anh","Học Online","Online","17:30:00 15/10/2026","20:40:00 15/10/2026",""
"123000185","Lê Văn Minh","Thứ 2","Sáng","Thiết kế hệ thống AI","[23TD111]","Huỳnh Tuấn Tú","C503_PM12","Cơ sở I","07:30:00 19/10/2026","11:25:00 19/10/2026",""
"123000185","Lê Văn Minh","Thứ 4","Sáng","Dữ liệu và phân tích dữ liệu","[23TD111]","Trần Văn Thành","C203_PM02","Cơ sở I","07:30:00 21/10/2026","11:25:00 21/10/2026",""
"123000185","Lê Văn Minh","Thứ 5","Tối","Kỹ năng viết CV (curriculum vitae) điện tử và trả ","23CVCD4","Lê Hoàng Anh","Học Online","Online","17:30:00 22/10/2026","20:40:00 22/10/2026",""
"123000872","Nguyễn Đình Hậu","Thứ 2","Sáng","Thiết kế hệ thống AI","[23TD111]","Huỳnh Tuấn Tú","C503_PM12","Cơ sở I","07:30:00 5/10/2026","11:25:00 5/10/2026",""
"123000872","Nguyễn Đình Hậu","Thứ 3","Sáng","Kaizen - TPM","[23TD111]","Nguyễn Công Trứ","G306","Cơ sở V","07:30:00 6/10/2026","11:25:00 6/10/2026",""
"123000872","Nguyễn Đình Hậu","Thứ 4","Sáng","Dữ liệu và phân tích dữ liệu","[23TD111]","Trần Văn Thành","C203_PM02","Cơ sở I","07:30:00 7/10/2026","11:25:00 7/10/2026",""
"123000872","Nguyễn Đình Hậu","Thứ 5","Tối","Kỹ năng viết CV (curriculum vitae) điện tử và trả ","23CVCD4","Lê Hoàng Anh","Học Online","Online","17:30:00 8/10/2026","20:40:00 8/10/2026",""
"123000872","Nguyễn Đình Hậu","Thứ 6","Sáng","Đồ án công nghệ","[23TD111]","Nguyễn Văn Trung","Học Online","Online","07:30:00 9/10/2026","11:25:00 9/10/2026",""
"123000872","Nguyễn Đình Hậu","Thứ 7","Sáng","Kỹ thuật lập dự án","[23TD111]","Nguyễn Minh Thiện","G306","Cơ sở V","07:30:00 10/10/2026","11:25:00 10/10/2026",""
"123000872","Nguyễn Đình Hậu","Thứ 7","Sáng","Sinh hoạt lớp","23TD111","Ngô Kim Long","G306","Cơ sở V","11:25:00 10/10/2026","12:10:00 10/10/2026",""
"123000872","Nguyễn Đình Hậu","Thứ 2","Sáng","Thiết kế hệ thống AI","[23TD111]","Huỳnh Tuấn Tú","C503_PM12","Cơ sở I","07:30:00 12/10/2026","11:25:00 12/10/2026",""
"123000872","Nguyễn Đình Hậu","Thứ 4","Sáng","Dữ liệu và phân tích dữ liệu","[23TD111]","Trần Văn Thành","C203_PM02","Cơ sở I","07:30:00 14/10/2026","11:25:00 14/10/2026",""
"123000872","Nguyễn Đình Hậu","Thứ 5","Tối","Kỹ năng viết CV (curriculum vitae) điện tử và trả ","23CVCD4","Lê Hoàng Anh","Học Online","Online","17:30:00 15/10/2026","20:40:00 15/10/2026",""
"123000872","Nguyễn Đình Hậu","Thứ 2","Sáng","Thiết kế hệ thống AI","[23TD111]","Huỳnh Tuấn Tú","C503_PM12","Cơ sở I","07:30:00 19/10/2026","11:25:00 19/10/2026",""
"123000872","Nguyễn Đình Hậu","Thứ 4","Sáng","Dữ liệu và phân tích dữ liệu","[23TD111]","Trần Văn Thành","C203_PM02","Cơ sở I","07:30:00 21/10/2026","11:25:00 21/10/2026",""
"123000872","Nguyễn Đình Hậu","Thứ 5","Tối","Kỹ năng viết CV (curriculum vitae) điện tử và trả ","23CVCD4","Lê Hoàng Anh","Học Online","Online","17:30:00 22/10/2026","20:40:00 22/10/2026",""
"125000798","Nguyễn Minh Khang","Thứ 2","Chiều","An toàn","25AT10","Ninh Thị Thúy","I309_3S5S","Cơ sở VI","12:50:00 5/10/2026","16:00:00 5/10/2026",""
"125000798","Nguyễn Minh Khang","Thứ 3","Sáng","Thực tập Kỹ thuật Hàn","[25CK111]_NHÓM 2","Nguyễn Thiện Tài","I311_CKTQ","Cơ sở VI","07:30:00 6/10/2026","11:25:00 6/10/2026",""
"125000798","Nguyễn Minh Khang","Thứ 3","Chiều","Cơ kỹ thuật","[25CK111]","Nguyễn Ngọc Minh","G505","Cơ sở V","12:50:00 6/10/2026","16:00:00 6/10/2026",""
"125000798","Nguyễn Minh Khang","Thứ 4","Sáng","Ngoại ngữ 3","[25CK111]","Phạm Hồng Thái","Học Online","Online","07:30:00 7/10/2026","10:40:00 7/10/2026",""
"125000798","Nguyễn Minh Khang","Thứ 4","Sáng","Ngoại ngữ 3","[25CK111]","Phạm Hồng Thái","Học Online","Online","10:40:00 7/10/2026","11:25:00 7/10/2026",""
"125000798","Nguyễn Minh Khang","Thứ 4","Chiều","Công nghệ Khí nén - Thủy lực","[25CK111]-NHÓM 2","Nguyễn Thiện Tài","G507","Cơ sở V","12:50:00 7/10/2026","16:45:00 7/10/2026",""
"125000798","Nguyễn Minh Khang","Thứ 5","Sáng","Thực tập Kỹ thuật Hàn","[25CK111]_NHÓM 2","Nguyễn Thiện Tài","I311_CKTQ","Cơ sở VI","07:30:00 8/10/2026","11:25:00 8/10/2026",""
"125000798","Nguyễn Minh Khang","Thứ 6","Sáng","Nguyên lý - Chi tiết máy","[25CK111]","Văn Hữu Thịnh","G506","Cơ sở V","07:30:00 9/10/2026","10:40:00 9/10/2026",""
"125000798","Nguyễn Minh Khang","Thứ 6","Chiều","Công nghệ Khí nén - Thủy lực","[25CK111]-NHÓM 2","Nguyễn Thiện Tài","I501_ATLab","Cơ sở VI","12:50:00 9/10/2026","16:00:00 9/10/2026",""
"125000798","Nguyễn Minh Khang","Thứ 6","Chiều","Công nghệ Khí nén - Thủy lực","[25CK111]-NHÓM 2","Nguyễn Thiện Tài","I501_ATLab","Cơ sở VI","16:00:00 9/10/2026","16:45:00 9/10/2026",""
"125000798","Nguyễn Minh Khang","Thứ 7","Chiều","Công nghệ kim loại","[25CK111]","Phạm Quốc Cường","G403","Cơ sở V","12:50:00 10/10/2026","16:45:00 10/10/2026",""
"125000798","Nguyễn Minh Khang","Thứ 2","Chiều","An toàn","25AT10","Ninh Thị Thúy","I309_3S5S","Cơ sở VI","12:50:00 12/10/2026","16:00:00 12/10/2026",""
"125000798","Nguyễn Minh Khang","Thứ 4","Sáng","Ngoại ngữ 3","[25CK111]","Phạm Hồng Thái","G306","Cơ sở V","07:30:00 14/10/2026","10:40:00 14/10/2026",""
"125000798","Nguyễn Minh Khang","Thứ 6","Sáng","Nguyên lý - Chi tiết máy","[25CK111]","Văn Hữu Thịnh","G506","Cơ sở V","07:30:00 16/10/2026","10:40:00 16/10/2026",""
"125000798","Nguyễn Minh Khang","Thứ 7","Sáng","Thực tập Kỹ thuật Đo lường - Cảm biến","[25CK111]_NHÓM 2","Ngô Văn Bình","I307_DLCB","Cơ sở VI","07:30:00 17/10/2026","11:25:00 17/10/2026",""
"125000798","Nguyễn Minh Khang","Thứ 7","Chiều","Công nghệ kim loại","[25CK111]","Phạm Quốc Cường","G403","Cơ sở V","12:50:00 17/10/2026","16:45:00 17/10/2026",""
"125000798","Nguyễn Minh Khang","Thứ 3","Chiều","Cơ kỹ thuật","[25CK111]","Nguyễn Ngọc Minh","G505","Cơ sở V","12:50:00 20/10/2026","16:00:00 20/10/2026",""
"125000798","Nguyễn Minh Khang","Thứ 4","Sáng","Ngoại ngữ 3","[25CK111]","Phạm Hồng Thái","G306","Cơ sở V","07:30:00 21/10/2026","10:40:00 21/10/2026",""
"125000798","Nguyễn Minh Khang","Thứ 4","Sáng","Sinh hoạt lớp","25CK111","La Khải Khải","G306","Cơ sở V","10:40:00 21/10/2026","11:25:00 21/10/2026",""
"125000798","Nguyễn Minh Khang","Thứ 6","Sáng","Nguyên lý - Chi tiết máy","[25CK111]","Văn Hữu Thịnh","G506","Cơ sở V","07:30:00 23/10/2026","10:40:00 23/10/2026",""
"125000798","Nguyễn Minh Khang","Thứ 7","Sáng","Thực tập Kỹ thuật Đo lường - Cảm biến","[25CK111]_NHÓM 2","Ngô Văn Bình","I307_DLCB","Cơ sở VI","07:30:00 24/10/2026","11:25:00 24/10/2026",""
"125000798","Nguyễn Minh Khang","Thứ 7","Chiều","Công nghệ kim loại","[25CK111]","Phạm Quốc Cường","G403","Cơ sở V","12:50:00 24/10/2026","16:45:00 24/10/2026",""
"125000798","Nguyễn Minh Khang","Thứ 3","Chiều","Cơ kỹ thuật","[25CK111]","Nguyễn Ngọc Minh","G505","Cơ sở V","12:50:00 27/10/2026","16:00:00 27/10/2026",""
"125000798","Nguyễn Minh Khang","Thứ 4","Chiều","Công nghệ Khí nén - Thủy lực","[25CK111]-NHÓM 2","Nguyễn Thiện Tài","G503","Cơ sở V","12:50:00 28/10/2026","16:00:00 28/10/2026",""
"125000798","Nguyễn Minh Khang","Thứ 5","Sáng","Thực tập Kỹ thuật Hàn","[25CK111]_NHÓM 2","Nguyễn Thiện Tài","I311_CKTQ","Cơ sở VI","07:30:00 29/10/2026","11:25:00 29/10/2026",""
"125000798","Nguyễn Minh Khang","Thứ 6","Sáng","Nguyên lý - Chi tiết máy","[25CK111]","Văn Hữu Thịnh","G506","Cơ sở V","07:30:00 30/10/2026","10:40:00 30/10/2026",""
"125000798","Nguyễn Minh Khang","Thứ 7","Sáng","Thực tập Kỹ thuật Đo lường - Cảm biến","[25CK111]_NHÓM 2","Ngô Văn Bình","I307_DLCB","Cơ sở VI","07:30:00 31/10/2026","11:25:00 31/10/2026",""
"125000798","Nguyễn Minh Khang","Thứ 7","Chiều","Công nghệ kim loại","[25CK111]","Phạm Quốc Cường","G403","Cơ sở V","12:50:00 31/10/2026","16:45:00 31/10/2026",""
"125000798","Nguyễn Minh Khang","Thứ 3","Chiều","Cơ kỹ thuật","[25CK111]","Nguyễn Ngọc Minh","Học Online","Online","12:50:00 3/11/2026","16:00:00 3/11/2026",""
"125000798","Nguyễn Minh Khang","Thứ 6","Sáng","Nguyên lý - Chi tiết máy","[25CK111]","Văn Hữu Thịnh","G506","Cơ sở V","07:30:00 6/11/2026","10:40:00 6/11/2026",""
"125000798","Nguyễn Minh Khang","Thứ 7","Sáng","Thực tập Kỹ thuật Đo lường - Cảm biến","[25CK111]_NHÓM 2","Ngô Văn Bình","I307_DLCB","Cơ sở VI","07:30:00 7/11/2026","11:25:00 7/11/2026",""
"125000798","Nguyễn Minh Khang","Thứ 7","Chiều","Công nghệ kim loại","[25CK111]","Phạm Quốc Cường","G403","Cơ sở V","12:50:00 7/11/2026","16:45:00 7/11/2026",""
"125000798","Nguyễn Minh Khang","Thứ 5","Sáng","Thực tập Kỹ thuật Hàn","[25CK111]_NHÓM 2","Nguyễn Thiện Tài","I311_CKTQ","Cơ sở VI","07:30:00 12/11/2026","11:25:00 12/11/2026",""
"125000798","Nguyễn Minh Khang","Thứ 6","Sáng","Nguyên lý - Chi tiết máy","[25CK111]","Văn Hữu Thịnh","G506","Cơ sở V","07:30:00 13/11/2026","10:40:00 13/11/2026",""
"125000798","Nguyễn Minh Khang","Thứ 7","Sáng","Thực tập Kỹ thuật Đo lường - Cảm biến","[25CK111]_NHÓM 2","Ngô Văn Bình","I307_DLCB","Cơ sở VI","07:30:00 14/11/2026","11:25:00 14/11/2026",""
"125000798","Nguyễn Minh Khang","Thứ 7","Chiều","Công nghệ kim loại","[25CK111]","Phạm Quốc Cường","G403","Cơ sở V","12:50:00 14/11/2026","16:45:00 14/11/2026",""
"125000798","Nguyễn Minh Khang","Thứ 5","Sáng","Thực tập Kỹ thuật Đo lường - Cảm biến","[25CK111]_NHÓM 2","Ngô Văn Bình","I307_DLCB","Cơ sở VI","07:30:00 19/11/2026","11:25:00 19/11/2026",""
"125000798","Nguyễn Minh Khang","Thứ 6","Sáng","Nguyên lý - Chi tiết máy","[25CK111]","Văn Hữu Thịnh","G506","Cơ sở V","07:30:00 20/11/2026","10:40:00 20/11/2026",""
"125000798","Nguyễn Minh Khang","Thứ 7","Sáng","Thực tập Kỹ thuật Đo lường - Cảm biến","[25CK111]_NHÓM 2","Ngô Văn Bình","I307_DLCB","Cơ sở VI","07:30:00 21/11/2026","11:25:00 21/11/2026",""
"125000798","Nguyễn Minh Khang","Thứ 5","Sáng","Thực tập Kỹ thuật Đo lường - Cảm biến","[25CK111]_NHÓM 2","Ngô Văn Bình","I307_DLCB","Cơ sở VI","07:30:00 26/11/2026","11:25:00 26/11/2026",""
"125000798","Nguyễn Minh Khang","Thứ 7","Sáng","Thực tập Kỹ thuật Đo lường - Cảm biến","[25CK111]_NHÓM 2","Ngô Văn Bình","I307_DLCB","Cơ sở VI","07:30:00 28/11/2026","11:25:00 28/11/2026",""
"123001188","Phạm Anh Tuấn","Thứ 2","Sáng","Thiết kế hệ thống AI","[23TD111]","Huỳnh Tuấn Tú","C503_PM12","Cơ sở I","07:30:00 5/10/2026","11:25:00 5/10/2026",""
"123001188","Phạm Anh Tuấn","Thứ 3","Sáng","Kaizen - TPM","[23TD111]","Nguyễn Công Trứ","G306","Cơ sở V","07:30:00 6/10/2026","11:25:00 6/10/2026",""
"123001188","Phạm Anh Tuấn","Thứ 4","Sáng","Dữ liệu và phân tích dữ liệu","[23TD111]","Trần Văn Thành","C203_PM02","Cơ sở I","07:30:00 7/10/2026","11:25:00 7/10/2026",""
"123001188","Phạm Anh Tuấn","Thứ 5","Tối","Kỹ năng viết CV (curriculum vitae) điện tử và trả ","23CVCD4","Lê Hoàng Anh","Học Online","Online","17:30:00 8/10/2026","20:40:00 8/10/2026",""
"123001188","Phạm Anh Tuấn","Thứ 6","Sáng","Đồ án công nghệ","[23TD111]","Nguyễn Văn Trung","Học Online","Online","07:30:00 9/10/2026","11:25:00 9/10/2026",""
"123001188","Phạm Anh Tuấn","Thứ 7","Sáng","Kỹ thuật lập dự án","[23TD111]","Nguyễn Minh Thiện","G306","Cơ sở V","07:30:00 10/10/2026","11:25:00 10/10/2026",""
"123001188","Phạm Anh Tuấn","Thứ 7","Sáng","Sinh hoạt lớp","23TD111","Ngô Kim Long","G306","Cơ sở V","11:25:00 10/10/2026","12:10:00 10/10/2026",""
"123001188","Phạm Anh Tuấn","Thứ 2","Sáng","Thiết kế hệ thống AI","[23TD111]","Huỳnh Tuấn Tú","C503_PM12","Cơ sở I","07:30:00 12/10/2026","11:25:00 12/10/2026",""
"123001188","Phạm Anh Tuấn","Thứ 4","Sáng","Dữ liệu và phân tích dữ liệu","[23TD111]","Trần Văn Thành","C203_PM02","Cơ sở I","07:30:00 14/10/2026","11:25:00 14/10/2026",""
"123001188","Phạm Anh Tuấn","Thứ 5","Tối","Kỹ năng viết CV (curriculum vitae) điện tử và trả ","23CVCD4","Lê Hoàng Anh","Học Online","Online","17:30:00 15/10/2026","20:40:00 15/10/2026",""
"123001188","Phạm Anh Tuấn","Thứ 2","Sáng","Thiết kế hệ thống AI","[23TD111]","Huỳnh Tuấn Tú","C503_PM12","Cơ sở I","07:30:00 19/10/2026","11:25:00 19/10/2026",""
"123001188","Phạm Anh Tuấn","Thứ 4","Sáng","Dữ liệu và phân tích dữ liệu","[23TD111]","Trần Văn Thành","C203_PM02","Cơ sở I","07:30:00 21/10/2026","11:25:00 21/10/2026",""
"123001188","Phạm Anh Tuấn","Thứ 5","Tối","Kỹ năng viết CV (curriculum vitae) điện tử và trả ","23CVCD4","Lê Hoàng Anh","Học Online","Online","17:30:00 22/10/2026","20:40:00 22/10/2026",""
"125000550","Nguyễn Duy Tiến","Thứ 2","Chiều","An toàn","25AT10","Ninh Thị Thúy","I309_3S5S","Cơ sở VI","12:50:00 5/10/2026","16:00:00 5/10/2026",""
"125000550","Nguyễn Duy Tiến","Thứ 2","Tối","Chinese 3","[25VT120]","Lê Chí Trường","D401_Hybrid","Cơ sở II","17:30:00 5/10/2026","19:55:00 5/10/2026",""
"125000550","Nguyễn Duy Tiến","Thứ 3","Chiều","Cơ kỹ thuật","[25CK111]","Nguyễn Ngọc Minh","G505","Cơ sở V","12:50:00 6/10/2026","16:00:00 6/10/2026",""
"125000550","Nguyễn Duy Tiến","Thứ 4","Chiều","Công nghệ Khí nén - Thủy lực","[25CK111]-NHÓM 3","Nguyễn Thiện Tài","G507","Cơ sở V","12:50:00 7/10/2026","16:45:00 7/10/2026",""
"125000550","Nguyễn Duy Tiến","Thứ 4","Tối","Chinese 3","[25VT120]","Lê Chí Trường","D401_Hybrid","Cơ sở II","17:30:00 7/10/2026","19:55:00 7/10/2026",""
"125000550","Nguyễn Duy Tiến","Thứ 6","Sáng","Nguyên lý - Chi tiết máy","[25CK111]","Văn Hữu Thịnh","G506","Cơ sở V","07:30:00 9/10/2026","10:40:00 9/10/2026",""
"125000550","Nguyễn Duy Tiến","Thứ 6","Tối","Chinese 3","[25VT120]","Lê Chí Trường","D401_Hybrid","Cơ sở II","17:30:00 9/10/2026","19:55:00 9/10/2026",""
"125000550","Nguyễn Duy Tiến","Thứ 7","Sáng","Thực tập Kỹ thuật Hàn","[25CK111]_NHÓM 3","Nguyễn Thiện Tài","I311_CKTQ","Cơ sở VI","07:30:00 10/10/2026","11:25:00 10/10/2026",""
"125000550","Nguyễn Duy Tiến","Thứ 7","Chiều","Công nghệ kim loại","[25CK111]","Phạm Quốc Cường","G403","Cơ sở V","12:50:00 10/10/2026","16:45:00 10/10/2026",""
"125000550","Nguyễn Duy Tiến","Thứ 2","Sáng","Thực tập Kỹ thuật Đo lường - Cảm biến","[25CK111]_NHÓM 3","Ngô Văn Bình","I307_DLCB","Cơ sở VI","07:30:00 12/10/2026","11:25:00 12/10/2026",""
"125000550","Nguyễn Duy Tiến","Thứ 2","Chiều","An toàn","25AT10","Ninh Thị Thúy","I309_3S5S","Cơ sở VI","12:50:00 12/10/2026","16:00:00 12/10/2026",""
"125000550","Nguyễn Duy Tiến","Thứ 2","Tối","Chinese 3","[25VT120]","Lê Chí Trường","D401_Hybrid","Cơ sở II","17:30:00 12/10/2026","19:55:00 12/10/2026",""
"125000550","Nguyễn Duy Tiến","Thứ 4","Tối","Chinese 3","[25VT120]","Lê Chí Trường","D401_Hybrid","Cơ sở II","17:30:00 14/10/2026","19:55:00 14/10/2026",""
"125000550","Nguyễn Duy Tiến","Thứ 5","Sáng","Thực tập Kỹ thuật Hàn","[25CK111]_NHÓM 3","Nguyễn Thiện Tài","I311_CKTQ","Cơ sở VI","07:30:00 15/10/2026","11:25:00 15/10/2026",""
"125000550","Nguyễn Duy Tiến","Thứ 5","Chiều","Công nghệ Khí nén - Thủy lực","[25CK111]-NHÓM 3","Nguyễn Thiện Tài","I501_ATLab","Cơ sở VI","12:50:00 15/10/2026","16:00:00 15/10/2026",""
"125000550","Nguyễn Duy Tiến","Thứ 6","Sáng","Nguyên lý - Chi tiết máy","[25CK111]","Văn Hữu Thịnh","G506","Cơ sở V","07:30:00 16/10/2026","10:40:00 16/10/2026",""
"125000550","Nguyễn Duy Tiến","Thứ 6","Chiều","Thực tập Kỹ thuật Hàn","[25CK111]_NHÓM 3","Nguyễn Thiện Tài","I311_CKTQ","Cơ sở VI","12:50:00 16/10/2026","16:45:00 16/10/2026",""
"125000550","Nguyễn Duy Tiến","Thứ 6","Tối","Chinese 3","[25VT120]","Lê Chí Trường","D401_Hybrid","Cơ sở II","17:30:00 16/10/2026","19:55:00 16/10/2026",""
"125000550","Nguyễn Duy Tiến","Thứ 7","Chiều","Công nghệ kim loại","[25CK111]","Phạm Quốc Cường","G403","Cơ sở V","12:50:00 17/10/2026","16:45:00 17/10/2026",""
"125000550","Nguyễn Duy Tiến","Thứ 2","Sáng","Thực tập Kỹ thuật Đo lường - Cảm biến","[25CK111]_NHÓM 3","Ngô Văn Bình","I307_DLCB","Cơ sở VI","07:30:00 19/10/2026","11:25:00 19/10/2026",""
"125000550","Nguyễn Duy Tiến","Thứ 2","Tối","Chinese 3","[25VT120]","Lê Chí Trường","D401_Hybrid","Cơ sở II","17:30:00 19/10/2026","19:55:00 19/10/2026",""
"125000550","Nguyễn Duy Tiến","Thứ 3","Chiều","Cơ kỹ thuật","[25CK111]","Nguyễn Ngọc Minh","G505","Cơ sở V","12:50:00 20/10/2026","16:00:00 20/10/2026",""
"125000550","Nguyễn Duy Tiến","Thứ 4","Sáng","Sinh hoạt lớp","25CK111","La Khải Khải","G306","Cơ sở V","10:40:00 21/10/2026","11:25:00 21/10/2026",""
"125000550","Nguyễn Duy Tiến","Thứ 4","Tối","Chinese 3","[25VT120]","Lê Chí Trường","D401_Hybrid","Cơ sở II","17:30:00 21/10/2026","19:55:00 21/10/2026",""
"125000550","Nguyễn Duy Tiến","Thứ 5","Chiều","Công nghệ Khí nén - Thủy lực","[25CK111]-NHÓM 3","Nguyễn Thiện Tài","I501_ATLab","Cơ sở VI","12:50:00 22/10/2026","16:00:00 22/10/2026",""
"125000550","Nguyễn Duy Tiến","Thứ 6","Sáng","Nguyên lý - Chi tiết máy","[25CK111]","Văn Hữu Thịnh","G506","Cơ sở V","07:30:00 23/10/2026","10:40:00 23/10/2026",""
"125000550","Nguyễn Duy Tiến","Thứ 6","Tối","Chinese 3","[25VT120]","Lê Chí Trường","D401_Hybrid","Cơ sở II","17:30:00 23/10/2026","19:55:00 23/10/2026",""
"125000550","Nguyễn Duy Tiến","Thứ 7","Chiều","Công nghệ kim loại","[25CK111]","Phạm Quốc Cường","G403","Cơ sở V","12:50:00 24/10/2026","16:45:00 24/10/2026",""
"125000550","Nguyễn Duy Tiến","Thứ 2","Sáng","Thực tập Kỹ thuật Đo lường - Cảm biến","[25CK111]_NHÓM 3","Ngô Văn Bình","I307_DLCB","Cơ sở VI","07:30:00 26/10/2026","11:25:00 26/10/2026",""
"125000550","Nguyễn Duy Tiến","Thứ 2","Tối","Chinese 3","[25VT120]","Lê Chí Trường","D401_Hybrid","Cơ sở II","17:30:00 26/10/2026","19:55:00 26/10/2026",""
"125000550","Nguyễn Duy Tiến","Thứ 3","Chiều","Cơ kỹ thuật","[25CK111]","Nguyễn Ngọc Minh","G505","Cơ sở V","12:50:00 27/10/2026","16:00:00 27/10/2026",""
"125000550","Nguyễn Duy Tiến","Thứ 4","Chiều","Công nghệ Khí nén - Thủy lực","[25CK111]-NHÓM 3","Nguyễn Thiện Tài","G503","Cơ sở V","12:50:00 28/10/2026","16:00:00 28/10/2026",""
"125000550","Nguyễn Duy Tiến","Thứ 4","Tối","Chinese 3","[25VT120]","Lê Chí Trường","D401_Hybrid","Cơ sở II","17:30:00 28/10/2026","19:55:00 28/10/2026",""
"125000550","Nguyễn Duy Tiến","Thứ 5","Sáng","Thực tập Kỹ thuật Đo lường - Cảm biến","[25CK111]_NHÓM 3","Ngô Văn Bình","I307_DLCB","Cơ sở VI","07:30:00 29/10/2026","11:25:00 29/10/2026",""
"125000550","Nguyễn Duy Tiến","Thứ 6","Sáng","Nguyên lý - Chi tiết máy","[25CK111]","Văn Hữu Thịnh","G506","Cơ sở V","07:30:00 30/10/2026","10:40:00 30/10/2026",""
"125000550","Nguyễn Duy Tiến","Thứ 6","Tối","Chinese 3","[25VT120]","Lê Chí Trường","D401_Hybrid","Cơ sở II","17:30:00 30/10/2026","19:55:00 30/10/2026",""
"125000550","Nguyễn Duy Tiến","Thứ 7","Chiều","Công nghệ kim loại","[25CK111]","Phạm Quốc Cường","G403","Cơ sở V","12:50:00 31/10/2026","16:45:00 31/10/2026",""
"125000550","Nguyễn Duy Tiến","Thứ 2","Sáng","Thực tập Kỹ thuật Đo lường - Cảm biến","[25CK111]_NHÓM 3","Ngô Văn Bình","I307_DLCB","Cơ sở VI","07:30:00 2/11/2026","11:25:00 2/11/2026",""
"125000550","Nguyễn Duy Tiến","Thứ 2","Tối","Chinese 3","[25VT120]","Lê Chí Trường","D401_Hybrid","Cơ sở II","17:30:00 2/11/2026","19:55:00 2/11/2026",""
"125000550","Nguyễn Duy Tiến","Thứ 3","Chiều","Cơ kỹ thuật","[25CK111]","Nguyễn Ngọc Minh","Học Online","Online","12:50:00 3/11/2026","16:00:00 3/11/2026",""
"125000550","Nguyễn Duy Tiến","Thứ 4","Tối","Chinese 3","[25VT120]","Lê Chí Trường","D401_Hybrid","Cơ sở II","17:30:00 4/11/2026","19:55:00 4/11/2026",""
"125000550","Nguyễn Duy Tiến","Thứ 5","Sáng","Thực tập Kỹ thuật Hàn","[25CK111]_NHÓM 3","Nguyễn Thiện Tài","I311_CKTQ","Cơ sở VI","07:30:00 5/11/2026","11:25:00 5/11/2026",""
"125000550","Nguyễn Duy Tiến","Thứ 6","Sáng","Nguyên lý - Chi tiết máy","[25CK111]","Văn Hữu Thịnh","G506","Cơ sở V","07:30:00 6/11/2026","10:40:00 6/11/2026",""
"125000550","Nguyễn Duy Tiến","Thứ 6","Tối","Chinese 3","[25VT120]","Lê Chí Trường","D401_Hybrid","Cơ sở II","17:30:00 6/11/2026","19:55:00 6/11/2026",""
"125000550","Nguyễn Duy Tiến","Thứ 7","Chiều","Công nghệ kim loại","[25CK111]","Phạm Quốc Cường","G403","Cơ sở V","12:50:00 7/11/2026","16:45:00 7/11/2026",""
"125000550","Nguyễn Duy Tiến","Thứ 2","Sáng","Thực tập Kỹ thuật Đo lường - Cảm biến","[25CK111]_NHÓM 3","Ngô Văn Bình","I307_DLCB","Cơ sở VI","07:30:00 9/11/2026","11:25:00 9/11/2026",""
"125000550","Nguyễn Duy Tiến","Thứ 2","Tối","Chinese 3","[25VT120]","Lê Chí Trường","D401_Hybrid","Cơ sở II","17:30:00 9/11/2026","19:55:00 9/11/2026",""
"125000550","Nguyễn Duy Tiến","Thứ 6","Sáng","Nguyên lý - Chi tiết máy","[25CK111]","Văn Hữu Thịnh","G506","Cơ sở V","07:30:00 13/11/2026","10:40:00 13/11/2026",""
"125000550","Nguyễn Duy Tiến","Thứ 7","Chiều","Công nghệ kim loại","[25CK111]","Phạm Quốc Cường","G403","Cơ sở V","12:50:00 14/11/2026","16:45:00 14/11/2026",""
"125000550","Nguyễn Duy Tiến","Thứ 2","Sáng","Thực tập Kỹ thuật Đo lường - Cảm biến","[25CK111]_NHÓM 3","Ngô Văn Bình","I307_DLCB","Cơ sở VI","07:30:00 16/11/2026","11:25:00 16/11/2026",""
"125000550","Nguyễn Duy Tiến","Thứ 6","Sáng","Nguyên lý - Chi tiết máy","[25CK111]","Văn Hữu Thịnh","G506","Cơ sở V","07:30:00 20/11/2026","10:40:00 20/11/2026",""
"125000550","Nguyễn Duy Tiến","Thứ 2","Sáng","Thực tập Kỹ thuật Đo lường - Cảm biến","[25CK111]_NHÓM 3","Ngô Văn Bình","I307_DLCB","Cơ sở VI","07:30:00 23/11/2026","11:25:00 23/11/2026",""
"125000550","Nguyễn Duy Tiến","Thứ 5","Sáng","Thực tập Kỹ thuật Hàn","[25CK111]_NHÓM 3","Nguyễn Thiện Tài","I311_CKTQ","Cơ sở VI","07:30:00 26/11/2026","11:25:00 26/11/2026",""
"125000550","Nguyễn Duy Tiến","Thứ 6","Sáng","Thực tập Kỹ thuật Đo lường - Cảm biến","[25CK111]_NHÓM 3","Ngô Văn Bình","I307_DLCB","Cơ sở VI","07:30:00 27/11/2026","11:25:00 27/11/2026",""
"123000432","Trần Thành Long","Thứ 2","Sáng","Thiết kế hệ thống AI","[23TD111]","Huỳnh Tuấn Tú","C503_PM12","Cơ sở I","07:30:00 5/10/2026","11:25:00 5/10/2026",""
"123000432","Trần Thành Long","Thứ 3","Sáng","Kaizen - TPM","[23TD111]","Nguyễn Công Trứ","G306","Cơ sở V","07:30:00 6/10/2026","11:25:00 6/10/2026",""
"123000432","Trần Thành Long","Thứ 4","Sáng","Dữ liệu và phân tích dữ liệu","[23TD111]","Trần Văn Thành","C203_PM02","Cơ sở I","07:30:00 7/10/2026","11:25:00 7/10/2026",""
"123000432","Trần Thành Long","Thứ 5","Tối","Kỹ năng viết CV (curriculum vitae) điện tử và trả ","23CVCD4","Lê Hoàng Anh","Học Online","Online","17:30:00 8/10/2026","20:40:00 8/10/2026",""
"123000432","Trần Thành Long","Thứ 6","Sáng","Đồ án công nghệ","[23TD111]","Nguyễn Văn Trung","Học Online","Online","07:30:00 9/10/2026","11:25:00 9/10/2026",""
"123000432","Trần Thành Long","Thứ 7","Sáng","Kỹ thuật lập dự án","[23TD111]","Nguyễn Minh Thiện","G306","Cơ sở V","07:30:00 10/10/2026","11:25:00 10/10/2026",""
"123000432","Trần Thành Long","Thứ 7","Sáng","Sinh hoạt lớp","23TD111","Ngô Kim Long","G306","Cơ sở V","11:25:00 10/10/2026","12:10:00 10/10/2026",""
"123000432","Trần Thành Long","Thứ 2","Sáng","Thiết kế hệ thống AI","[23TD111]","Huỳnh Tuấn Tú","C503_PM12","Cơ sở I","07:30:00 12/10/2026","11:25:00 12/10/2026",""
"123000432","Trần Thành Long","Thứ 4","Sáng","Dữ liệu và phân tích dữ liệu","[23TD111]","Trần Văn Thành","C203_PM02","Cơ sở I","07:30:00 14/10/2026","11:25:00 14/10/2026",""
"123000432","Trần Thành Long","Thứ 5","Tối","Kỹ năng viết CV (curriculum vitae) điện tử và trả ","23CVCD4","Lê Hoàng Anh","Học Online","Online","17:30:00 15/10/2026","20:40:00 15/10/2026",""
"123000432","Trần Thành Long","Thứ 2","Sáng","Thiết kế hệ thống AI","[23TD111]","Huỳnh Tuấn Tú","C503_PM12","Cơ sở I","07:30:00 19/10/2026","11:25:00 19/10/2026",""
"123000432","Trần Thành Long","Thứ 4","Sáng","Dữ liệu và phân tích dữ liệu","[23TD111]","Trần Văn Thành","C203_PM02","Cơ sở I","07:30:00 21/10/2026","11:25:00 21/10/2026",""
"123000432","Trần Thành Long","Thứ 5","Tối","Kỹ năng viết CV (curriculum vitae) điện tử và trả ","23CVCD4","Lê Hoàng Anh","Học Online","Online","17:30:00 22/10/2026","20:40:00 22/10/2026",""
"123000375","Phạm Đinh Tài Lộc","Thứ 2","Sáng","Thiết kế hệ thống AI","[23TD111]","Huỳnh Tuấn Tú","C503_PM12","Cơ sở I","07:30:00 5/10/2026","11:25:00 5/10/2026",""
"123000375","Phạm Đinh Tài Lộc","Thứ 3","Sáng","Kaizen - TPM","[23TD111]","Nguyễn Công Trứ","G306","Cơ sở V","07:30:00 6/10/2026","11:25:00 6/10/2026",""
"123000375","Phạm Đinh Tài Lộc","Thứ 4","Sáng","Dữ liệu và phân tích dữ liệu","[23TD111]","Trần Văn Thành","C203_PM02","Cơ sở I","07:30:00 7/10/2026","11:25:00 7/10/2026",""
"123000375","Phạm Đinh Tài Lộc","Thứ 5","Tối","Kỹ năng viết CV (curriculum vitae) điện tử và trả ","23CVCD4","Lê Hoàng Anh","Học Online","Online","17:30:00 8/10/2026","20:40:00 8/10/2026",""
"123000375","Phạm Đinh Tài Lộc","Thứ 6","Sáng","Đồ án công nghệ","[23TD111]","Nguyễn Văn Trung","Học Online","Online","07:30:00 9/10/2026","11:25:00 9/10/2026",""
"123000375","Phạm Đinh Tài Lộc","Thứ 7","Sáng","Kỹ thuật lập dự án","[23TD111]","Nguyễn Minh Thiện","G306","Cơ sở V","07:30:00 10/10/2026","11:25:00 10/10/2026",""
"123000375","Phạm Đinh Tài Lộc","Thứ 7","Sáng","Sinh hoạt lớp","23TD111","Ngô Kim Long","G306","Cơ sở V","11:25:00 10/10/2026","12:10:00 10/10/2026",""
"123000375","Phạm Đinh Tài Lộc","Thứ 2","Sáng","Thiết kế hệ thống AI","[23TD111]","Huỳnh Tuấn Tú","C503_PM12","Cơ sở I","07:30:00 12/10/2026","11:25:00 12/10/2026",""
"123000375","Phạm Đinh Tài Lộc","Thứ 4","Sáng","Dữ liệu và phân tích dữ liệu","[23TD111]","Trần Văn Thành","C203_PM02","Cơ sở I","07:30:00 14/10/2026","11:25:00 14/10/2026",""
"123000375","Phạm Đinh Tài Lộc","Thứ 5","Tối","Kỹ năng viết CV (curriculum vitae) điện tử và trả ","23CVCD4","Lê Hoàng Anh","Học Online","Online","17:30:00 15/10/2026","20:40:00 15/10/2026",""
"123000375","Phạm Đinh Tài Lộc","Thứ 2","Sáng","Thiết kế hệ thống AI","[23TD111]","Huỳnh Tuấn Tú","C503_PM12","Cơ sở I","07:30:00 19/10/2026","11:25:00 19/10/2026",""
"123000375","Phạm Đinh Tài Lộc","Thứ 4","Sáng","Dữ liệu và phân tích dữ liệu","[23TD111]","Trần Văn Thành","C203_PM02","Cơ sở I","07:30:00 21/10/2026","11:25:00 21/10/2026",""
"123000375","Phạm Đinh Tài Lộc","Thứ 5","Tối","Kỹ năng viết CV (curriculum vitae) điện tử và trả ","23CVCD4","Lê Hoàng Anh","Học Online","Online","17:30:00 22/10/2026","20:40:00 22/10/2026",""
"123001394","Đỗ Văn Quyền","Thứ 2","Sáng","Thiết kế hệ thống AI","[23TD111]","Huỳnh Tuấn Tú","C503_PM12","Cơ sở I","07:30:00 5/10/2026","11:25:00 5/10/2026",""
"123001394","Đỗ Văn Quyền","Thứ 3","Sáng","Kaizen - TPM","[23TD111]","Nguyễn Công Trứ","G306","Cơ sở V","07:30:00 6/10/2026","11:25:00 6/10/2026",""
"123001394","Đỗ Văn Quyền","Thứ 4","Sáng","Dữ liệu và phân tích dữ liệu","[23TD111]","Trần Văn Thành","C203_PM02","Cơ sở I","07:30:00 7/10/2026","11:25:00 7/10/2026",""
"123001394","Đỗ Văn Quyền","Thứ 5","Tối","Kỹ năng viết CV (curriculum vitae) điện tử và trả ","23CVCD4","Lê Hoàng Anh","Học Online","Online","17:30:00 8/10/2026","20:40:00 8/10/2026",""
"123001394","Đỗ Văn Quyền","Thứ 6","Sáng","Đồ án công nghệ","[23TD111]","Nguyễn Văn Trung","Học Online","Online","07:30:00 9/10/2026","11:25:00 9/10/2026",""
"123001394","Đỗ Văn Quyền","Thứ 7","Sáng","Kỹ thuật lập dự án","[23TD111]","Nguyễn Minh Thiện","G306","Cơ sở V","07:30:00 10/10/2026","11:25:00 10/10/2026",""
"123001394","Đỗ Văn Quyền","Thứ 7","Sáng","Sinh hoạt lớp","23TD111","Ngô Kim Long","G306","Cơ sở V","11:25:00 10/10/2026","12:10:00 10/10/2026",""
"123001394","Đỗ Văn Quyền","Thứ 2","Sáng","Thiết kế hệ thống AI","[23TD111]","Huỳnh Tuấn Tú","C503_PM12","Cơ sở I","07:30:00 12/10/2026","11:25:00 12/10/2026",""
"123001394","Đỗ Văn Quyền","Thứ 4","Sáng","Dữ liệu và phân tích dữ liệu","[23TD111]","Trần Văn Thành","C203_PM02","Cơ sở I","07:30:00 14/10/2026","11:25:00 14/10/2026",""
"123001394","Đỗ Văn Quyền","Thứ 5","Tối","Kỹ năng viết CV (curriculum vitae) điện tử và trả ","23CVCD4","Lê Hoàng Anh","Học Online","Online","17:30:00 15/10/2026","20:40:00 15/10/2026",""
"123001394","Đỗ Văn Quyền","Thứ 2","Sáng","Thiết kế hệ thống AI","[23TD111]","Huỳnh Tuấn Tú","C503_PM12","Cơ sở I","07:30:00 19/10/2026","11:25:00 19/10/2026",""
"123001394","Đỗ Văn Quyền","Thứ 4","Sáng","Dữ liệu và phân tích dữ liệu","[23TD111]","Trần Văn Thành","C203_PM02","Cơ sở I","07:30:00 21/10/2026","11:25:00 21/10/2026",""
"123001394","Đỗ Văn Quyền","Thứ 5","Tối","Kỹ năng viết CV (curriculum vitae) điện tử và trả ","23CVCD4","Lê Hoàng Anh","Học Online","Online","17:30:00 22/10/2026","20:40:00 22/10/2026",""
"125000890","Lê Ngô Gia Bảo","Thứ 2","Chiều","Ngoại ngữ 3","[25OT112]_NHÓM 1","Lý Tuấn Phú","Học Online","Online","12:50:00 5/10/2026","16:00:00 5/10/2026",""
"125000890","Lê Ngô Gia Bảo","Thứ 2","Chiều","Sinh hoạt lớp","25OT112","Trương Quốc Khánh","G405","Cơ sở V","16:00:00 5/10/2026","16:45:00 5/10/2026",""
"125000890","Lê Ngô Gia Bảo","Thứ 6","Sáng","Kỹ thuật điện - Điện tử","[25OT112]-NHÓM 1","Nguyễn Hoàng Huy","Học Online","Online","07:30:00 9/10/2026","11:25:00 9/10/2026",""
"125000890","Lê Ngô Gia Bảo","Thứ 6","Chiều","Thực tập động cơ đốt trong","[25OT112]_NHÓM 1","Trương Quốc Khánh","E109_KG02","Cơ sở III","12:50:00 9/10/2026","16:45:00 9/10/2026",""
"125000890","Lê Ngô Gia Bảo","Thứ 7","Sáng","Lý thuyết Ô tô","[25OT112]","Nguyễn Hoàng Luân","G405","Cơ sở V","07:30:00 10/10/2026","11:25:00 10/10/2026",""
"125000890","Lê Ngô Gia Bảo","Thứ 7","Chiều","Nguyên lý - Chi tiết máy","[25OT112]","Lê Văn Tấn","G404","Cơ sở V","12:50:00 10/10/2026","16:45:00 10/10/2026",""
"125000890","Lê Ngô Gia Bảo","Thứ 2","Chiều","Ngoại ngữ 3","[25OT112]_NHÓM 1","Lý Tuấn Phú","G407","Cơ sở V","12:50:00 12/10/2026","16:00:00 12/10/2026",""
"125000890","Lê Ngô Gia Bảo","Thứ 6","Chiều","Thực tập động cơ đốt trong","[25OT112]_NHÓM 1","Trương Quốc Khánh","E109_KG02","Cơ sở III","12:50:00 16/10/2026","16:45:00 16/10/2026",""
"125000890","Lê Ngô Gia Bảo","Thứ 7","Sáng","Lý thuyết Ô tô","[25OT112]","Nguyễn Hoàng Luân","G405","Cơ sở V","07:30:00 17/10/2026","11:25:00 17/10/2026",""
"125000890","Lê Ngô Gia Bảo","Thứ 7","Chiều","Nguyên lý - Chi tiết máy","[25OT112]","Lê Văn Tấn","G404","Cơ sở V","12:50:00 17/10/2026","16:45:00 17/10/2026",""
"125000890","Lê Ngô Gia Bảo","Thứ 2","Chiều","Ngoại ngữ 3","[25OT112]_NHÓM 1","Lý Tuấn Phú","G407","Cơ sở V","12:50:00 19/10/2026","16:00:00 19/10/2026",""
"125000890","Lê Ngô Gia Bảo","Thứ 6","Chiều","Thực tập động cơ đốt trong","[25OT112]_NHÓM 1","Trương Quốc Khánh","E109_KG02","Cơ sở III","12:50:00 23/10/2026","16:45:00 23/10/2026",""
"125000890","Lê Ngô Gia Bảo","Thứ 7","Chiều","Nguyên lý - Chi tiết máy","[25OT112]","Lê Văn Tấn","G404","Cơ sở V","12:50:00 24/10/2026","16:45:00 24/10/2026",""
"125000890","Lê Ngô Gia Bảo","Thứ 2","Chiều","Sinh hoạt lớp","25OT112","Trương Quốc Khánh","G405","Cơ sở V","16:00:00 26/10/2026","16:45:00 26/10/2026",""
"125000890","Lê Ngô Gia Bảo","Thứ 6","Chiều","Thực tập động cơ đốt trong","[25OT112]_NHÓM 1","Trương Quốc Khánh","E109_KG02","Cơ sở III","12:50:00 30/10/2026","16:45:00 30/10/2026",""
"125000890","Lê Ngô Gia Bảo","Thứ 7","Chiều","Nguyên lý - Chi tiết máy","[25OT112]","Lê Văn Tấn","G404","Cơ sở V","12:50:00 31/10/2026","16:45:00 31/10/2026",""
"125000890","Lê Ngô Gia Bảo","Thứ 6","Chiều","Thực tập động cơ đốt trong","[25OT112]_NHÓM 1","Trương Quốc Khánh","E109_KG02","Cơ sở III","12:50:00 6/11/2026","16:45:00 6/11/2026",""
"125000890","Lê Ngô Gia Bảo","Thứ 2","Chiều","Thực tập động cơ đốt trong","[25OT112]_NHÓM 1","Trương Quốc Khánh","E108_KG01","Cơ sở III","12:50:00 9/11/2026","16:45:00 9/11/2026",""
"125000890","Lê Ngô Gia Bảo","Thứ 6","Chiều","Thực tập động cơ đốt trong","[25OT112]_NHÓM 1","Trương Quốc Khánh","E109_KG02","Cơ sở III","12:50:00 13/11/2026","16:45:00 13/11/2026",""
"125000890","Lê Ngô Gia Bảo","Thứ 2","Chiều","Thực tập động cơ đốt trong","[25OT112]_NHÓM 1","Trương Quốc Khánh","E109_KG02","Cơ sở III","12:50:00 16/11/2026","16:45:00 16/11/2026",""
"125000890","Lê Ngô Gia Bảo","Thứ 6","Chiều","Thực tập động cơ đốt trong","[25OT112]_NHÓM 1","Trương Quốc Khánh","E109_KG02","Cơ sở III","12:50:00 20/11/2026","16:45:00 20/11/2026",""
"125000890","Lê Ngô Gia Bảo","Thứ 2","Chiều","Thực tập động cơ đốt trong","[25OT112]_NHÓM 1","Trương Quốc Khánh","E109_KG02","Cơ sở III","12:50:00 23/11/2026","16:45:00 23/11/2026",""
"125000890","Lê Ngô Gia Bảo","Thứ 6","Chiều","Thực tập động cơ đốt trong","[25OT112]_NHÓM 1","Trương Quốc Khánh","E109_KG02","Cơ sở III","12:50:00 27/11/2026","16:45:00 27/11/2026",""
"125001087","Cao Anh Tú","Thứ 2","Sáng","Thực tập động cơ đốt trong","[25OT112]_NHÓM 3","Trương Quốc Khánh","E109_KG02","Cơ sở III","07:30:00 5/10/2026","11:25:00 5/10/2026",""
"125001087","Cao Anh Tú","Thứ 2","Chiều","Ngoại ngữ 3","[25OT111][25OT112]_NHÓM 2","Nguyễn Thanh Thảo","G507","Cơ sở V","12:50:00 5/10/2026","16:00:00 5/10/2026",""
"125001087","Cao Anh Tú","Thứ 2","Chiều","Sinh hoạt lớp","25OT112","Trương Quốc Khánh","G405","Cơ sở V","16:00:00 5/10/2026","16:45:00 5/10/2026",""
"125001087","Cao Anh Tú","Thứ 5","Chiều","Thực tập động cơ đốt trong","[25OT112]_NHÓM 3","Trương Quốc Khánh","E109_KG02","Cơ sở III","12:50:00 8/10/2026","16:45:00 8/10/2026",""
"125001087","Cao Anh Tú","Thứ 6","Sáng","Kỹ thuật điện - Điện tử","[25OT112]-NHÓM 3","Nguyễn Hoàng Huy","Học Online","Online","07:30:00 9/10/2026","11:25:00 9/10/2026",""
"125001087","Cao Anh Tú","Thứ 7","Sáng","Lý thuyết Ô tô","[25OT112]","Nguyễn Hoàng Luân","G405","Cơ sở V","07:30:00 10/10/2026","11:25:00 10/10/2026",""
"125001087","Cao Anh Tú","Thứ 7","Chiều","Nguyên lý - Chi tiết máy","[25OT112]","Lê Văn Tấn","G404","Cơ sở V","12:50:00 10/10/2026","16:45:00 10/10/2026",""
"125001087","Cao Anh Tú","Thứ 5","Chiều","Thực tập động cơ đốt trong","[25OT112]_NHÓM 3","Trương Quốc Khánh","E109_KG02","Cơ sở III","12:50:00 15/10/2026","16:45:00 15/10/2026",""
"125001087","Cao Anh Tú","Thứ 7","Sáng","Lý thuyết Ô tô","[25OT112]","Nguyễn Hoàng Luân","G405","Cơ sở V","07:30:00 17/10/2026","11:25:00 17/10/2026",""
"125001087","Cao Anh Tú","Thứ 7","Chiều","Nguyên lý - Chi tiết máy","[25OT112]","Lê Văn Tấn","G404","Cơ sở V","12:50:00 17/10/2026","16:45:00 17/10/2026",""
"125001087","Cao Anh Tú","Thứ 5","Chiều","Thực tập động cơ đốt trong","[25OT112]_NHÓM 3","Trương Quốc Khánh","E109_KG02","Cơ sở III","12:50:00 22/10/2026","16:45:00 22/10/2026",""
"125001087","Cao Anh Tú","Thứ 7","Chiều","Nguyên lý - Chi tiết máy","[25OT112]","Lê Văn Tấn","G404","Cơ sở V","12:50:00 24/10/2026","16:45:00 24/10/2026",""
"125001087","Cao Anh Tú","Thứ 2","Chiều","Sinh hoạt lớp","25OT112","Trương Quốc Khánh","G405","Cơ sở V","16:00:00 26/10/2026","16:45:00 26/10/2026",""
"125001087","Cao Anh Tú","Thứ 5","Chiều","Thực tập động cơ đốt trong","[25OT112]_NHÓM 3","Trương Quốc Khánh","E109_KG02","Cơ sở III","12:50:00 29/10/2026","16:45:00 29/10/2026",""
"125001087","Cao Anh Tú","Thứ 7","Chiều","Nguyên lý - Chi tiết máy","[25OT112]","Lê Văn Tấn","G404","Cơ sở V","12:50:00 31/10/2026","16:45:00 31/10/2026",""
"125001087","Cao Anh Tú","Thứ 5","Chiều","Thực tập động cơ đốt trong","[25OT112]_NHÓM 3","Trương Quốc Khánh","E109_KG02","Cơ sở III","12:50:00 5/11/2026","16:45:00 5/11/2026",""
"125001087","Cao Anh Tú","Thứ 5","Chiều","Thực tập động cơ đốt trong","[25OT112]_NHÓM 3","Trương Quốc Khánh","E109_KG02","Cơ sở III","12:50:00 12/11/2026","16:45:00 12/11/2026",""
"125001087","Cao Anh Tú","Thứ 5","Chiều","Thực tập động cơ đốt trong","[25OT112]_NHÓM 3","Trương Quốc Khánh","E109_KG02","Cơ sở III","12:50:00 19/11/2026","16:45:00 19/11/2026",""
"125001087","Cao Anh Tú","Thứ 5","Chiều","Thực tập động cơ đốt trong","[25OT112]_NHÓM 3","Trương Quốc Khánh","E109_KG02","Cơ sở III","12:50:00 26/11/2026","16:45:00 26/11/2026",""
"124001273","Vũ Tiến Dũng","Thứ 2","Tối","Japanese 10 (N3)","[24JO111][24JE111][24JD111][24JC111][24JF111]","Trần Thị Gái","B403_Hybrid","Cơ sở I","17:30:00 5/10/2026","19:55:00 5/10/2026",""
"124001273","Vũ Tiến Dũng","Thứ 3","Tối","Japanese 10 (N3)","[24JO111][24JE111][24JD111][24JC111][24JF111]","Nguyễn Thị Như Thường","D504","Cơ sở II","17:30:00 6/10/2026","19:55:00 6/10/2026",""
"124001273","Vũ Tiến Dũng","Thứ 4","Sáng","Vi điều khiển","[24CD111][24JC111]","Ngô Kim Long","C301_PM04","Cơ sở I","07:30:00 7/10/2026","11:25:00 7/10/2026",""
"124001273","Vũ Tiến Dũng","Thứ 4","Chiều","Thực tập Vi điều khiển","[24CD111][24JC111]_NHÓM 3","Ngô Kim Long","I507_VDK","Cơ sở VI","12:50:00 7/10/2026","16:45:00 7/10/2026",""
"124001273","Vũ Tiến Dũng","Thứ 4","Tối","Japanese 10 (N3)","[24JO111][24JE111][24JD111][24JC111][24JF111]","Lương Thị Anh Thư","B403_Hybrid","Cơ sở I","17:30:00 7/10/2026","19:55:00 7/10/2026",""
"124001273","Vũ Tiến Dũng","Thứ 6","Sáng","Robot công nghiệp ","[24CD111][24JC111]","Huỳnh Tuấn Tú","G405","Cơ sở V","07:30:00 9/10/2026","11:25:00 9/10/2026",""
"124001273","Vũ Tiến Dũng","Thứ 6","Tối","Japanese 10 (N3)","[24JO111][24JE111][24JD111][24JC111][24JF111]","Nguyễn Thị Như Thường","B403_Hybrid","Cơ sở I","17:30:00 9/10/2026","19:55:00 9/10/2026",""
"124001273","Vũ Tiến Dũng","Thứ 7","Chiều","Kỹ thuật lập trình PLC","[24CD111][24JC111]-NHÓM 2","Nguyễn Hữu Hưng","C503_PM12","Cơ sở I","12:50:00 10/10/2026","16:45:00 10/10/2026",""
"124001273","Vũ Tiến Dũng","Thứ 2","Tối","Japanese 10 (N3)","[24JO111][24JE111][24JD111][24JC111][24JF111]","Trần Thị Gái","B403_Hybrid","Cơ sở I","17:30:00 12/10/2026","19:55:00 12/10/2026",""
"124001273","Vũ Tiến Dũng","Thứ 3","Tối","Japanese 10 (N3)","[24JO111][24JE111][24JD111][24JC111][24JF111]","Nguyễn Thị Như Thường","D504","Cơ sở II","17:30:00 13/10/2026","19:55:00 13/10/2026",""
"124001273","Vũ Tiến Dũng","Thứ 4","Sáng","Vi điều khiển","[24CD111][24JC111]","Ngô Kim Long","C301_PM04","Cơ sở I","07:30:00 14/10/2026","11:25:00 14/10/2026",""
"124001273","Vũ Tiến Dũng","Thứ 4","Chiều","Thực tập Vi điều khiển","[24CD111][24JC111]_NHÓM 3","Ngô Kim Long","I507_VDK","Cơ sở VI","12:50:00 14/10/2026","16:45:00 14/10/2026",""
"124001273","Vũ Tiến Dũng","Thứ 4","Tối","Japanese 10 (N3)","[24JO111][24JE111][24JD111][24JC111][24JF111]","Lương Thị Anh Thư","B403_Hybrid","Cơ sở I","17:30:00 14/10/2026","19:55:00 14/10/2026",""
"124001273","Vũ Tiến Dũng","Thứ 6","Tối","Japanese 10 (N3)","[24JO111][24JE111][24JD111][24JC111][24JF111]","Nguyễn Thị Như Thường","B403_Hybrid","Cơ sở I","17:30:00 16/10/2026","19:55:00 16/10/2026",""
"124001273","Vũ Tiến Dũng","Thứ 2","Tối","Japanese 11 (N3)","[24JO111][24JE111][24JD111][24JC111][24JF111]","Trần Thị Gái","B403_Hybrid","Cơ sở I","17:30:00 19/10/2026","19:55:00 19/10/2026",""
"124001273","Vũ Tiến Dũng","Thứ 3","Tối","Japanese 11 (N3)","[24JO111][24JE111][24JD111][24JC111][24JF111]","Nguyễn Thị Như Thường","D504","Cơ sở II","17:30:00 20/10/2026","19:55:00 20/10/2026",""
"124001273","Vũ Tiến Dũng","Thứ 4","Sáng","Vi điều khiển","[24CD111][24JC111]","Ngô Kim Long","C301_PM04","Cơ sở I","07:30:00 21/10/2026","11:25:00 21/10/2026",""
"124001273","Vũ Tiến Dũng","Thứ 4","Chiều","Thực tập Vi điều khiển","[24CD111][24JC111]_NHÓM 3","Ngô Kim Long","I507_VDK","Cơ sở VI","12:50:00 21/10/2026","16:45:00 21/10/2026",""
"124001273","Vũ Tiến Dũng","Thứ 4","Tối","Japanese 11 (N3)","[24JO111][24JE111][24JD111][24JC111][24JF111]","Lương Thị Anh Thư","B403_Hybrid","Cơ sở I","17:30:00 21/10/2026","19:55:00 21/10/2026",""
"124001273","Vũ Tiến Dũng","Thứ 6","Tối","Japanese 11 (N3)","[24JO111][24JE111][24JD111][24JC111][24JF111]","Nguyễn Thị Như Thường","B403_Hybrid","Cơ sở I","17:30:00 23/10/2026","19:55:00 23/10/2026",""
"124001273","Vũ Tiến Dũng","Thứ 7","Chiều","Kỹ thuật lập trình PLC","[24CD111][24JC111]-NHÓM 2","Nguyễn Hữu Hưng","C503_PM12","Cơ sở I","12:50:00 24/10/2026","16:45:00 24/10/2026",""
"124001273","Vũ Tiến Dũng","Thứ 2","Tối","Japanese 11 (N3)","[24JO111][24JE111][24JD111][24JC111][24JF111]","Trần Thị Gái","B403_Hybrid","Cơ sở I","17:30:00 26/10/2026","19:55:00 26/10/2026",""
"124001273","Vũ Tiến Dũng","Thứ 3","Tối","Japanese 11 (N3)","[24JO111][24JE111][24JD111][24JC111][24JF111]","Trần Thị Gái","B402_Hybrid","Cơ sở I","17:30:00 27/10/2026","19:55:00 27/10/2026",""
"124001273","Vũ Tiến Dũng","Thứ 4","Sáng","Vi điều khiển","[24CD111][24JC111]","Ngô Kim Long","C301_PM04","Cơ sở I","07:30:00 28/10/2026","11:25:00 28/10/2026",""
"124001273","Vũ Tiến Dũng","Thứ 4","Chiều","Thực tập Vi điều khiển","[24CD111][24JC111]_NHÓM 3","Ngô Kim Long","I507_VDK","Cơ sở VI","12:50:00 28/10/2026","16:45:00 28/10/2026",""
"124001273","Vũ Tiến Dũng","Thứ 4","Tối","Japanese 11 (N3)","[24JO111][24JE111][24JD111][24JC111][24JF111]","Lương Thị Anh Thư","B403_Hybrid","Cơ sở I","17:30:00 28/10/2026","19:55:00 28/10/2026",""
"124001273","Vũ Tiến Dũng","Thứ 5","Sáng","Kỹ thuật lập trình PLC","[24CD111][24JC111]-NHÓM 2","Nguyễn Hữu Hưng","C503_PM12","Cơ sở I","07:30:00 29/10/2026","11:25:00 29/10/2026",""
"124001273","Vũ Tiến Dũng","Thứ 6","Tối","Japanese 11 (N3)","[24JO111][24JE111][24JD111][24JC111][24JF111]","Nguyễn Thị Như Thường","B403_Hybrid","Cơ sở I","17:30:00 30/10/2026","19:55:00 30/10/2026",""
"124001273","Vũ Tiến Dũng","Thứ 7","Chiều","Kỹ thuật lập trình PLC","[24CD111][24JC111]-NHÓM 2","Nguyễn Hữu Hưng","C503_PM12","Cơ sở I","12:50:00 31/10/2026","16:45:00 31/10/2026",""
"124001273","Vũ Tiến Dũng","Thứ 2","Tối","Japanese 11 (N3)","[24JO111][24JE111][24JD111][24JC111][24JF111]","Trần Thị Gái","B403_Hybrid","Cơ sở I","17:30:00 2/11/2026","19:55:00 2/11/2026",""
"124001273","Vũ Tiến Dũng","Thứ 3","Tối","Japanese 11 (N3)","[24JO111][24JE111][24JD111][24JC111][24JF111]","Nguyễn Thị Như Thường","B402_Hybrid","Cơ sở I","17:30:00 3/11/2026","19:55:00 3/11/2026",""
"124001273","Vũ Tiến Dũng","Thứ 4","Sáng","Vi điều khiển","[24CD111][24JC111]","Ngô Kim Long","C301_PM04","Cơ sở I","07:30:00 4/11/2026","11:25:00 4/11/2026",""
"124001273","Vũ Tiến Dũng","Thứ 4","Chiều","Thực tập Vi điều khiển","[24CD111][24JC111]_NHÓM 3","Ngô Kim Long","I507_VDK","Cơ sở VI","12:50:00 4/11/2026","16:45:00 4/11/2026",""
"124001273","Vũ Tiến Dũng","Thứ 4","Tối","Japanese 11 (N3)","[24JO111][24JE111][24JD111][24JC111][24JF111]","Lương Thị Anh Thư","B403_Hybrid","Cơ sở I","17:30:00 4/11/2026","19:55:00 4/11/2026",""
"124001273","Vũ Tiến Dũng","Thứ 5","Sáng","Kỹ thuật lập trình PLC","[24CD111][24JC111]-NHÓM 2","Nguyễn Hữu Hưng","C503_PM12","Cơ sở I","07:30:00 5/11/2026","11:25:00 5/11/2026",""
"124001273","Vũ Tiến Dũng","Thứ 6","Tối","Japanese 11 (N3)","[24JO111][24JE111][24JD111][24JC111][24JF111]","Nguyễn Thị Như Thường","B403_Hybrid","Cơ sở I","17:30:00 6/11/2026","19:55:00 6/11/2026",""
"124001273","Vũ Tiến Dũng","Thứ 7","Chiều","Kỹ thuật lập trình PLC","[24CD111][24JC111]-NHÓM 2","Nguyễn Hữu Hưng","C503_PM12","Cơ sở I","12:50:00 7/11/2026","16:45:00 7/11/2026",""
"124001273","Vũ Tiến Dũng","Thứ 2","Tối","Japanese 11 (N3)","[24JO111][24JE111][24JD111][24JC111][24JF111]","Trần Thị Gái","B403_Hybrid","Cơ sở I","17:30:00 9/11/2026","19:55:00 9/11/2026",""
"124001273","Vũ Tiến Dũng","Thứ 3","Tối","Japanese 11 (N3)","[24JO111][24JE111][24JD111][24JC111][24JF111]","Nguyễn Thị Như Thường","B402_Hybrid","Cơ sở I","17:30:00 10/11/2026","19:55:00 10/11/2026",""
"124001273","Vũ Tiến Dũng","Thứ 4","Sáng","Vi điều khiển","[24CD111][24JC111]","Ngô Kim Long","C301_PM04","Cơ sở I","07:30:00 11/11/2026","11:25:00 11/11/2026",""
"124001273","Vũ Tiến Dũng","Thứ 4","Chiều","Thực tập Vi điều khiển","[24CD111][24JC111]_NHÓM 3","Ngô Kim Long","I507_VDK","Cơ sở VI","12:50:00 11/11/2026","16:45:00 11/11/2026",""
"124001273","Vũ Tiến Dũng","Thứ 4","Tối","Japanese 11 (N3)","[24JO111][24JE111][24JD111][24JC111][24JF111]","Lương Thị Anh Thư","B403_Hybrid","Cơ sở I","17:30:00 11/11/2026","19:55:00 11/11/2026",""
"124001273","Vũ Tiến Dũng","Thứ 5","Sáng","Kỹ thuật lập trình PLC","[24CD111][24JC111]-NHÓM 2","Nguyễn Hữu Hưng","C503_PM12","Cơ sở I","07:30:00 12/11/2026","11:25:00 12/11/2026",""
"124001273","Vũ Tiến Dũng","Thứ 4","Chiều","Thực tập Vi điều khiển","[24CD111][24JC111]_NHÓM 3","Ngô Kim Long","I507_VDK","Cơ sở VI","12:50:00 18/11/2026","16:45:00 18/11/2026",""
"124001273","Vũ Tiến Dũng","Thứ 5","Sáng","Kỹ thuật lập trình PLC","[24CD111][24JC111]-NHÓM 2","Nguyễn Hữu Hưng","C503_PM12","Cơ sở I","07:30:00 19/11/2026","11:25:00 19/11/2026",""
"124001273","Vũ Tiến Dũng","Thứ 4","Chiều","Thực tập Vi điều khiển","[24CD111][24JC111]_NHÓM 3","Ngô Kim Long","I507_VDK","Cơ sở VI","12:50:00 25/11/2026","16:45:00 25/11/2026",""
"124001273","Vũ Tiến Dũng","Thứ 5","Sáng","Kỹ thuật lập trình PLC","[24CD111][24JC111]-NHÓM 2","Nguyễn Hữu Hưng","C503_PM12","Cơ sở I","07:30:00 26/11/2026","11:25:00 26/11/2026",""
"122000426","Nguyễn Văn Hậu","Thứ 7","Chiều","Lắp ráp và tối ưu hệ thống máy tính","[26CT111]","Nguyễn Vũ Duy Quang","G201","Cơ sở V","12:50:00 24/10/2026","16:45:00 24/10/2026",""
"122000426","Nguyễn Văn Hậu","Thứ 7","Chiều","Lắp ráp và tối ưu hệ thống máy tính","[26CT111]","Nguyễn Vũ Duy Quang","G201","Cơ sở V","12:50:00 31/10/2026","16:45:00 31/10/2026",""
"122000426","Nguyễn Văn Hậu","Thứ 7","Chiều","Lắp ráp và tối ưu hệ thống máy tính","[26CT111]","Nguyễn Vũ Duy Quang","G201","Cơ sở V","12:50:00 7/11/2026","16:45:00 7/11/2026",""
"122000426","Nguyễn Văn Hậu","Thứ 7","Chiều","Lắp ráp và tối ưu hệ thống máy tính","[26CT111]","Nguyễn Vũ Duy Quang","C301_PM04","Cơ sở I","12:50:00 14/11/2026","16:45:00 14/11/2026",""
"122000426","Nguyễn Văn Hậu","Thứ 7","Chiều","Lắp ráp và tối ưu hệ thống máy tính","[26CT111]","Nguyễn Vũ Duy Quang","C301_PM04","Cơ sở I","12:50:00 21/11/2026","16:45:00 21/11/2026",""
"122000426","Nguyễn Văn Hậu","Thứ 7","Chiều","Lắp ráp và tối ưu hệ thống máy tính","[26CT111]","Nguyễn Vũ Duy Quang","C401_PM06","Cơ sở I","12:50:00 28/11/2026","16:45:00 28/11/2026",""
"122000426","Nguyễn Văn Hậu","Thứ 7","Chiều","Lắp ráp và tối ưu hệ thống máy tính","[26CT111]","Nguyễn Vũ Duy Quang","C401_PM06","Cơ sở I","12:50:00 5/12/2026","16:45:00 5/12/2026",""
"122000426","Nguyễn Văn Hậu","Thứ 7","Chiều","Lắp ráp và tối ưu hệ thống máy tính","[26CT111]","Nguyễn Vũ Duy Quang","C401_PM06","Cơ sở I","12:50:00 12/12/2026","16:45:00 12/12/2026",""
"122000426","Nguyễn Văn Hậu","Thứ 7","Chiều","Lắp ráp và tối ưu hệ thống máy tính","[26CT111]","Nguyễn Vũ Duy Quang","C401_PM06","Cơ sở I","12:50:00 19/12/2026","16:45:00 19/12/2026",""
